Timestamp,City,Temperature (Â°C),Humidity (%),Pressure (hPa),Wind Speed (m/s),Weather Description
2025-04-04 12:00:00,Mumbai,29.06,73,1009,8.9,clear sky
2025-04-04 15:00:00,Mumbai,29.02,68,1010,6.84,clear sky
2025-04-04 18:00:00,Mumbai,28.83,64,1010,4.76,clear sky
2025-04-04 21:00:00,Mumbai,27.98,66,1009,5.47,few clouds
2025-04-05 00:00:00,Mumbai,27.97,63,1010,3.73,clear sky
2025-04-05 03:00:00,Mumbai,28.76,55,1012,1.86,clear sky
2025-04-05 06:00:00,Mumbai,30.67,46,1011,2.39,clear sky
2025-04-05 09:00:00,Mumbai,29.66,57,1008,6.56,clear sky
2025-04-05 12:00:00,Mumbai,30.24,56,1007,8.44,clear sky
2025-04-05 15:00:00,Mumbai,29.03,65,1008,7.19,clear sky
2025-04-05 18:00:00,Mumbai,28.07,74,1010,3.86,clear sky
2025-04-05 21:00:00,Mumbai,27.56,75,1009,2.72,clear sky
2025-04-06 00:00:00,Mumbai,27.21,74,1009,3.4,clear sky
2025-04-06 03:00:00,Mumbai,27.48,73,1012,2.8,clear sky
2025-04-06 06:00:00,Mumbai,28.03,70,1011,3.17,clear sky
2025-04-06 09:00:00,Mumbai,28.4,70,1008,5.57,clear sky
2025-04-06 12:00:00,Mumbai,29.61,63,1007,5.8,clear sky
2025-04-06 15:00:00,Mumbai,29.01,62,1008,4.79,clear sky
2025-04-06 18:00:00,Mumbai,28.66,65,1009,3.45,clear sky
2025-04-06 21:00:00,Mumbai,28.45,64,1008,2.02,clear sky
2025-04-07 00:00:00,Mumbai,27.95,66,1008,2.01,clear sky
2025-04-07 03:00:00,Mumbai,29.1,58,1010,3.09,clear sky
2025-04-07 06:00:00,Mumbai,30.6,51,1009,5.59,clear sky
2025-04-07 09:00:00,Mumbai,30.23,50,1007,9.69,clear sky
2025-04-07 12:00:00,Mumbai,30.09,51,1005,10.48,clear sky
2025-04-07 15:00:00,Mumbai,29.01,63,1008,4.9,clear sky
2025-04-07 18:00:00,Mumbai,28.6,64,1009,3.87,clear sky
2025-04-07 21:00:00,Mumbai,28.18,66,1007,1.47,clear sky
2025-04-08 00:00:00,Mumbai,27.76,68,1008,2.53,clear sky
2025-04-08 03:00:00,Mumbai,28.47,67,1010,0.63,clear sky
2025-04-08 06:00:00,Mumbai,29.89,55,1010,3.15,clear sky
2025-04-08 09:00:00,Mumbai,29.48,64,1007,6.6,clear sky
2025-04-08 12:00:00,Mumbai,30.07,59,1005,7.34,clear sky
2025-04-08 15:00:00,Mumbai,28.57,73,1008,5.11,clear sky
2025-04-08 18:00:00,Mumbai,27.97,79,1010,4.21,few clouds
2025-04-08 21:00:00,Mumbai,27.64,77,1008,2.99,clear sky
2025-04-09 00:00:00,Mumbai,27.48,71,1008,1.53,clear sky
2025-04-09 03:00:00,Mumbai,27.81,68,1011,1.46,broken clouds
2025-04-09 06:00:00,Mumbai,28.83,62,1010,3.44,scattered clouds
2025-04-09 09:00:00,Mumbai,28.67,69,1007,5.53,clear sky
2025-04-04 12:00:00,Bangalore,28.37,45,1009,5.67,broken clouds
2025-04-04 15:00:00,Bangalore,27.45,49,1010,3.35,light rain
2025-04-04 18:00:00,Bangalore,26.36,55,1012,4.04,overcast clouds
2025-04-04 21:00:00,Bangalore,24.19,65,1011,2.8,light rain
2025-04-05 00:00:00,Bangalore,23.1,69,1012,2.53,broken clouds
2025-04-05 03:00:00,Bangalore,25.36,59,1014,1.96,scattered clouds
2025-04-05 06:00:00,Bangalore,30.02,39,1013,2.08,scattered clouds
2025-04-05 09:00:00,Bangalore,30.67,35,1009,2.25,light rain
2025-04-05 12:00:00,Bangalore,27.77,47,1009,1.98,light rain
2025-04-05 15:00:00,Bangalore,27.95,45,1011,1.22,light rain
2025-04-05 18:00:00,Bangalore,24.62,63,1012,3.17,light rain
2025-04-05 21:00:00,Bangalore,23.28,71,1011,2.38,light rain
2025-04-06 00:00:00,Bangalore,22.89,73,1011,2.49,light rain
2025-04-06 03:00:00,Bangalore,25.69,60,1013,2.6,broken clouds
2025-04-06 06:00:00,Bangalore,30.46,40,1011,2.18,broken clouds
2025-04-06 09:00:00,Bangalore,32.87,27,1007,3.07,broken clouds
2025-04-06 12:00:00,Bangalore,30.49,34,1007,1.15,broken clouds
2025-04-06 15:00:00,Bangalore,28.45,41,1010,3.74,overcast clouds
2025-04-06 18:00:00,Bangalore,26.21,51,1011,3.24,light rain
2025-04-06 21:00:00,Bangalore,24.64,60,1010,3.38,overcast clouds
2025-04-07 00:00:00,Bangalore,23.5,63,1011,2.17,overcast clouds
2025-04-07 03:00:00,Bangalore,26.46,52,1013,2.83,scattered clouds
2025-04-07 06:00:00,Bangalore,31.92,30,1011,1.21,few clouds
2025-04-07 09:00:00,Bangalore,34.48,19,1007,1.8,clear sky
2025-04-07 12:00:00,Bangalore,33.77,20,1006,4.55,scattered clouds
2025-04-07 15:00:00,Bangalore,29.15,33,1010,4.62,light rain
2025-04-07 18:00:00,Bangalore,27.75,46,1011,2.37,overcast clouds
2025-04-07 21:00:00,Bangalore,25.36,66,1010,4.01,overcast clouds
2025-04-08 00:00:00,Bangalore,23.49,72,1012,3.69,light rain
2025-04-08 03:00:00,Bangalore,26.39,57,1013,3.28,broken clouds
2025-04-08 06:00:00,Bangalore,31.9,29,1011,3.19,broken clouds
2025-04-08 09:00:00,Bangalore,34.68,19,1007,3.2,broken clouds
2025-04-08 12:00:00,Bangalore,33.83,17,1006,5.6,broken clouds
2025-04-08 15:00:00,Bangalore,30.38,27,1010,5.34,broken clouds
2025-04-08 18:00:00,Bangalore,25.44,61,1012,5.33,broken clouds
2025-04-08 21:00:00,Bangalore,23.58,68,1011,3.84,clear sky
2025-04-09 00:00:00,Bangalore,22.29,74,1012,3.24,light rain
2025-04-09 03:00:00,Bangalore,25.35,56,1013,2.77,broken clouds
2025-04-09 06:00:00,Bangalore,31.26,34,1011,1.3,overcast clouds
2025-04-09 09:00:00,Bangalore,33.91,22,1007,2.14,broken clouds
2025-04-04 12:00:00,Hyderabad,33.28,31,1008,5.1,broken clouds
2025-04-04 15:00:00,Hyderabad,31.89,36,1009,3.62,broken clouds
2025-04-04 18:00:00,Hyderabad,29.86,41,1011,1.94,scattered clouds
2025-04-04 21:00:00,Hyderabad,27.01,48,1010,2,clear sky
2025-04-05 00:00:00,Hyderabad,26.29,49,1011,1.77,clear sky
2025-04-05 03:00:00,Hyderabad,30.13,38,1013,1.45,few clouds
2025-04-05 06:00:00,Hyderabad,35.32,23,1011,2.11,scattered clouds
2025-04-05 09:00:00,Hyderabad,36.95,19,1007,1.7,broken clouds
2025-04-05 12:00:00,Hyderabad,35.76,21,1006,4.83,broken clouds
2025-04-05 15:00:00,Hyderabad,32.46,27,1008,3.23,broken clouds
2025-04-05 18:00:00,Hyderabad,31.42,29,1009,1.64,scattered clouds
2025-04-05 21:00:00,Hyderabad,28.65,37,1008,1.01,broken clouds
2025-04-06 00:00:00,Hyderabad,28.12,42,1009,3.22,broken clouds
2025-04-06 03:00:00,Hyderabad,31.94,31,1011,4.38,broken clouds
2025-04-06 06:00:00,Hyderabad,37.62,14,1009,2.44,broken clouds
2025-04-06 09:00:00,Hyderabad,39.19,11,1005,2.63,scattered clouds
2025-04-06 12:00:00,Hyderabad,37.58,13,1005,5.12,scattered clouds
2025-04-06 15:00:00,Hyderabad,33.72,17,1007,2.36,clear sky
2025-04-06 18:00:00,Hyderabad,30.25,34,1009,4.64,few clouds
2025-04-06 21:00:00,Hyderabad,27.95,45,1008,3.33,clear sky
2025-04-07 00:00:00,Hyderabad,27.18,48,1008,3.38,clear sky
2025-04-07 03:00:00,Hyderabad,31.59,39,1011,5.44,clear sky
2025-04-07 06:00:00,Hyderabad,37.03,21,1009,2.44,clear sky
2025-04-07 09:00:00,Hyderabad,38.37,13,1005,4.09,scattered clouds
2025-04-07 12:00:00,Hyderabad,36.99,15,1005,2.67,broken clouds
2025-04-07 15:00:00,Hyderabad,31.58,24,1009,4.47,overcast clouds
2025-04-07 18:00:00,Hyderabad,24.82,62,1011,7.69,broken clouds
2025-04-07 21:00:00,Hyderabad,26.01,57,1009,4.37,few clouds
2025-04-08 00:00:00,Hyderabad,26.72,47,1009,3.36,scattered clouds
2025-04-08 03:00:00,Hyderabad,28.46,53,1013,3.7,few clouds
2025-04-08 06:00:00,Hyderabad,34.25,32,1011,1.88,few clouds
2025-04-08 09:00:00,Hyderabad,37.43,22,1007,1.44,few clouds
2025-04-08 12:00:00,Hyderabad,34.02,27,1006,4.57,scattered clouds
2025-04-08 15:00:00,Hyderabad,28.1,42,1011,5.37,light rain
2025-04-08 18:00:00,Hyderabad,28.54,37,1010,4.42,broken clouds
2025-04-08 21:00:00,Hyderabad,24.93,55,1009,5.88,overcast clouds
2025-04-09 00:00:00,Hyderabad,23.83,71,1010,2.32,broken clouds
2025-04-09 03:00:00,Hyderabad,28.29,43,1012,3.63,scattered clouds
2025-04-09 06:00:00,Hyderabad,35.32,25,1010,3.82,scattered clouds
2025-04-09 09:00:00,Hyderabad,38.12,18,1005,3.56,clear sky
2025-04-04 12:00:00,Chennai,29.44,66,1009,5.9,scattered clouds
2025-04-04 15:00:00,Chennai,29.16,69,1010,4.32,scattered clouds
2025-04-04 18:00:00,Chennai,28.73,74,1010,3.22,scattered clouds
2025-04-04 21:00:00,Chennai,27.91,75,1009,2.92,scattered clouds
2025-04-05 00:00:00,Chennai,26.95,79,1010,3.34,scattered clouds
2025-04-05 03:00:00,Chennai,29.28,65,1012,3.59,clear sky
2025-04-05 06:00:00,Chennai,31.72,54,1011,5.38,scattered clouds
2025-04-05 09:00:00,Chennai,30.93,60,1008,6.19,clear sky
2025-04-05 12:00:00,Chennai,29.74,65,1007,6.05,clear sky
2025-04-05 15:00:00,Chennai,28.93,75,1010,4.25,clear sky
2025-04-05 18:00:00,Chennai,28.46,79,1010,4.82,few clouds
2025-04-05 21:00:00,Chennai,27.97,79,1008,4.58,broken clouds
2025-04-06 00:00:00,Chennai,27.12,84,1009,4.27,broken clouds
2025-04-06 03:00:00,Chennai,30.18,60,1011,3.31,broken clouds
2025-04-06 06:00:00,Chennai,32.71,51,1009,4.56,broken clouds
2025-04-06 09:00:00,Chennai,32.47,56,1005,7.69,scattered clouds
2025-04-06 12:00:00,Chennai,29.92,70,1005,7.1,scattered clouds
2025-04-06 15:00:00,Chennai,29.26,76,1008,5.66,broken clouds
2025-04-06 18:00:00,Chennai,28.9,78,1010,5.31,broken clouds
2025-04-06 21:00:00,Chennai,28.44,79,1008,4.06,overcast clouds
2025-04-07 00:00:00,Chennai,28.02,82,1008,3.86,overcast clouds
2025-04-07 03:00:00,Chennai,30.05,70,1010,3.32,scattered clouds
2025-04-07 06:00:00,Chennai,31.67,63,1009,5.64,scattered clouds
2025-04-07 09:00:00,Chennai,31.17,64,1006,6.12,clear sky
2025-04-07 12:00:00,Chennai,29.86,69,1006,6.47,scattered clouds
2025-04-07 15:00:00,Chennai,28.76,78,1009,5.58,clear sky
2025-04-07 18:00:00,Chennai,28.48,80,1010,4.5,scattered clouds
2025-04-07 21:00:00,Chennai,28.46,74,1009,3.46,overcast clouds
2025-04-08 00:00:00,Chennai,27.69,77,1010,2.24,broken clouds
2025-04-08 03:00:00,Chennai,29.68,64,1012,2.2,broken clouds
2025-04-08 06:00:00,Chennai,31.25,57,1011,5.46,scattered clouds
2025-04-08 09:00:00,Chennai,31.11,57,1008,5.56,clear sky
2025-04-08 12:00:00,Chennai,29.61,67,1008,5.66,clear sky
2025-04-08 15:00:00,Chennai,28.55,74,1010,4.31,clear sky
2025-04-08 18:00:00,Chennai,27.99,74,1011,1.79,clear sky
2025-04-08 21:00:00,Chennai,27.5,75,1009,0.89,scattered clouds
2025-04-09 00:00:00,Chennai,26.97,78,1009,1.92,broken clouds
2025-04-09 03:00:00,Chennai,28.92,68,1011,3.43,broken clouds
2025-04-09 06:00:00,Chennai,31.56,54,1010,4.81,broken clouds
2025-04-09 09:00:00,Chennai,31.39,60,1006,6.36,broken clouds
2025-04-04 12:00:00,Kolkata,33.56,36,1006,6.48,overcast clouds
2025-04-04 15:00:00,Kolkata,32.21,41,1007,5.5,overcast clouds
2025-04-04 18:00:00,Kolkata,29.95,51,1008,4.94,overcast clouds
2025-04-04 21:00:00,Kolkata,27.28,65,1007,4.95,overcast clouds
2025-04-05 00:00:00,Kolkata,25.74,71,1008,3.42,broken clouds
2025-04-05 03:00:00,Kolkata,33.27,42,1009,4.97,clear sky
2025-04-05 06:00:00,Kolkata,39.95,18,1007,3.43,clear sky
2025-04-05 09:00:00,Kolkata,37.33,26,1003,6.22,broken clouds
2025-04-05 12:00:00,Kolkata,31.76,54,1004,7.9,scattered clouds
2025-04-05 15:00:00,Kolkata,28.38,76,1007,6.96,clear sky
2025-04-05 18:00:00,Kolkata,27.6,81,1007,6.9,clear sky
2025-04-05 21:00:00,Kolkata,26.94,83,1006,5.95,clear sky
2025-04-06 00:00:00,Kolkata,26.57,84,1007,5.32,clear sky
2025-04-06 03:00:00,Kolkata,32.82,48,1009,5.63,few clouds
2025-04-06 06:00:00,Kolkata,37.14,34,1008,7.63,clear sky
2025-04-06 09:00:00,Kolkata,37.12,34,1005,8.11,clear sky
2025-04-06 12:00:00,Kolkata,31.68,53,1004,7.69,scattered clouds
2025-04-06 15:00:00,Kolkata,28.39,75,1007,6.29,clear sky
2025-04-06 18:00:00,Kolkata,28.44,74,1009,6.61,few clouds
2025-04-06 21:00:00,Kolkata,27.03,84,1008,4.71,broken clouds
2025-04-07 00:00:00,Kolkata,26.55,84,1010,4.77,scattered clouds
2025-04-07 03:00:00,Kolkata,31.57,55,1012,7.29,clear sky
2025-04-07 06:00:00,Kolkata,36.15,36,1010,6.73,clear sky
2025-04-07 09:00:00,Kolkata,36.67,32,1007,6.66,broken clouds
2025-04-07 12:00:00,Kolkata,32.46,45,1007,6.82,scattered clouds
2025-04-07 15:00:00,Kolkata,28.29,68,1010,7.87,overcast clouds
2025-04-07 18:00:00,Kolkata,27.06,77,1011,3.64,broken clouds
2025-04-07 21:00:00,Kolkata,26.57,81,1011,3.79,overcast clouds
2025-04-08 00:00:00,Kolkata,26.02,84,1012,3.11,broken clouds
2025-04-08 03:00:00,Kolkata,31.84,56,1014,5.67,few clouds
2025-04-08 06:00:00,Kolkata,36.83,34,1013,6.54,few clouds
2025-04-08 09:00:00,Kolkata,36.69,31,1010,8.64,few clouds
2025-04-08 12:00:00,Kolkata,31.06,51,1009,8.84,clear sky
2025-04-08 15:00:00,Kolkata,27.66,70,1012,6.48,clear sky
2025-04-08 18:00:00,Kolkata,27.2,72,1013,5.23,scattered clouds
2025-04-08 21:00:00,Kolkata,26.03,74,1010,3.77,overcast clouds
2025-04-09 00:00:00,Kolkata,24.96,79,1012,2.06,scattered clouds
2025-04-09 03:00:00,Kolkata,29.93,57,1012,2.62,scattered clouds
2025-04-09 06:00:00,Kolkata,34.64,37,1010,2.63,scattered clouds
2025-04-09 09:00:00,Kolkata,34.37,38,1006,7.86,broken clouds
2025-04-04 12:00:00,Pune,36.03,12,1008,4.1,few clouds
2025-04-04 15:00:00,Pune,33.86,23,1009,5.12,few clouds
2025-04-04 18:00:00,Pune,30.29,36,1011,2.51,few clouds
2025-04-04 21:00:00,Pune,26.29,40,1011,1.49,few clouds
2025-04-05 00:00:00,Pune,25.2,36,1011,0.84,few clouds
2025-04-05 03:00:00,Pune,29.8,22,1013,1.5,clear sky
2025-04-05 06:00:00,Pune,35.97,12,1012,4.26,clear sky
2025-04-05 09:00:00,Pune,37.58,9,1008,2.8,clear sky
2025-04-05 12:00:00,Pune,37.45,9,1007,1.83,clear sky
2025-04-05 15:00:00,Pune,30.8,23,1010,3.78,few clouds
2025-04-05 18:00:00,Pune,28.9,23,1011,2.99,clear sky
2025-04-05 21:00:00,Pune,26.2,32,1010,2.99,clear sky
2025-04-06 00:00:00,Pune,23.99,48,1011,3.18,clear sky
2025-04-06 03:00:00,Pune,29.18,26,1012,2.76,clear sky
2025-04-06 06:00:00,Pune,36.77,11,1011,3.94,clear sky
2025-04-06 09:00:00,Pune,39.25,8,1007,4.7,clear sky
2025-04-06 12:00:00,Pune,37.77,9,1006,6.15,clear sky
2025-04-06 15:00:00,Pune,30.56,36,1009,3.11,few clouds
2025-04-06 18:00:00,Pune,28.5,38,1010,3.74,clear sky
2025-04-06 21:00:00,Pune,26.93,31,1009,3.05,clear sky
2025-04-07 00:00:00,Pune,25.44,34,1010,3.19,clear sky
2025-04-07 03:00:00,Pune,30.32,19,1011,1.84,clear sky
2025-04-07 06:00:00,Pune,37.59,10,1010,3.6,clear sky
2025-04-07 09:00:00,Pune,39.87,7,1006,4.24,clear sky
2025-04-07 12:00:00,Pune,39.39,7,1005,3.83,clear sky
2025-04-07 15:00:00,Pune,31.31,23,1009,4.21,scattered clouds
2025-04-07 18:00:00,Pune,29.23,25,1010,2.87,scattered clouds
2025-04-07 21:00:00,Pune,27.5,26,1009,2.02,broken clouds
2025-04-08 00:00:00,Pune,26.12,27,1009,2.21,scattered clouds
2025-04-08 03:00:00,Pune,30.57,19,1012,2.21,clear sky
2025-04-08 06:00:00,Pune,37.34,10,1011,3.29,clear sky
2025-04-08 09:00:00,Pune,40.28,8,1007,4.56,clear sky
2025-04-08 12:00:00,Pune,39.75,7,1005,5.53,clear sky
2025-04-08 15:00:00,Pune,30.05,37,1010,4.43,clear sky
2025-04-08 18:00:00,Pune,28.07,43,1010,3.54,clear sky
2025-04-08 21:00:00,Pune,26.33,42,1009,2.63,clear sky
2025-04-09 00:00:00,Pune,25.65,39,1010,2.8,scattered clouds
2025-04-09 03:00:00,Pune,30.01,23,1012,1.69,clear sky
2025-04-09 06:00:00,Pune,36.47,12,1010,2.75,clear sky
2025-04-09 09:00:00,Pune,39.47,8,1006,2.12,clear sky
2025-04-04 12:00:00,Lucknow,37.44,7,1005,5.1,clear sky
2025-04-04 15:00:00,Lucknow,35.23,8,1006,2.05,clear sky
2025-04-04 18:00:00,Lucknow,31.25,11,1006,2.44,clear sky
2025-04-04 21:00:00,Lucknow,26.15,11,1006,2.23,clear sky
2025-04-05 00:00:00,Lucknow,24.32,12,1007,2.64,clear sky
2025-04-05 03:00:00,Lucknow,31.76,8,1008,2.83,clear sky
2025-04-05 06:00:00,Lucknow,38.95,6,1007,4.32,clear sky
2025-04-05 09:00:00,Lucknow,40.48,5,1003,6.2,clear sky
2025-04-05 12:00:00,Lucknow,38.39,6,1002,5.53,clear sky
2025-04-05 15:00:00,Lucknow,31.26,10,1004,2.78,clear sky
2025-04-05 18:00:00,Lucknow,28.74,12,1004,2.36,clear sky
2025-04-05 21:00:00,Lucknow,27.24,15,1004,2.82,clear sky
2025-04-06 00:00:00,Lucknow,25.17,19,1004,2.32,clear sky
2025-04-06 03:00:00,Lucknow,32.45,12,1007,2.43,clear sky
2025-04-06 06:00:00,Lucknow,39.64,6,1006,3.76,clear sky
2025-04-06 09:00:00,Lucknow,41.4,5,1002,3.93,clear sky
2025-04-06 12:00:00,Lucknow,39.66,5,1002,2.74,clear sky
2025-04-06 15:00:00,Lucknow,32.9,8,1003,0.98,clear sky
2025-04-06 18:00:00,Lucknow,30.19,9,1004,0.46,clear sky
2025-04-06 21:00:00,Lucknow,29.23,10,1003,2.22,clear sky
2025-04-07 00:00:00,Lucknow,26.39,12,1005,1.77,clear sky
2025-04-07 03:00:00,Lucknow,33.69,8,1008,5.29,clear sky
2025-04-07 06:00:00,Lucknow,40.97,5,1007,5.05,clear sky
2025-04-07 09:00:00,Lucknow,42.64,4,1003,3.07,clear sky
2025-04-07 12:00:00,Lucknow,40.79,5,1003,2.45,clear sky
2025-04-07 15:00:00,Lucknow,33.59,9,1005,3.17,clear sky
2025-04-07 18:00:00,Lucknow,30.92,18,1005,3.72,clear sky
2025-04-07 21:00:00,Lucknow,28.84,21,1006,3.74,clear sky
2025-04-08 00:00:00,Lucknow,27.05,28,1008,4.3,clear sky
2025-04-08 03:00:00,Lucknow,33.72,24,1009,6.58,clear sky
2025-04-08 06:00:00,Lucknow,40.96,15,1008,5.77,clear sky
2025-04-08 09:00:00,Lucknow,43.18,10,1004,3.65,clear sky
2025-04-08 12:00:00,Lucknow,41.55,10,1003,2.82,clear sky
2025-04-08 15:00:00,Lucknow,29.75,34,1007,7.15,scattered clouds
2025-04-08 18:00:00,Lucknow,28.21,36,1008,8.36,scattered clouds
2025-04-08 21:00:00,Lucknow,26.65,44,1006,7.42,overcast clouds
2025-04-09 00:00:00,Lucknow,25.76,51,1007,5.94,overcast clouds
2025-04-09 03:00:00,Lucknow,29.38,44,1010,7.16,overcast clouds
2025-04-09 06:00:00,Lucknow,36.55,26,1007,6.35,overcast clouds
2025-04-09 09:00:00,Lucknow,39.67,20,1003,5.03,overcast clouds
2025-04-04 12:00:00,Kanpur,38.02,8,1004,4.66,few clouds
2025-04-04 15:00:00,Kanpur,35.41,10,1005,2.35,few clouds
2025-04-04 18:00:00,Kanpur,31.31,11,1006,2.27,clear sky
2025-04-04 21:00:00,Kanpur,25.83,12,1006,2.18,clear sky
2025-04-05 00:00:00,Kanpur,24.2,12,1007,2.35,clear sky
2025-04-05 03:00:00,Kanpur,31.85,8,1009,2.5,clear sky
2025-04-05 06:00:00,Kanpur,38.83,6,1008,3.74,clear sky
2025-04-05 09:00:00,Kanpur,40.58,5,1004,5.5,clear sky
2025-04-05 12:00:00,Kanpur,38.61,6,1003,5.63,clear sky
2025-04-05 15:00:00,Kanpur,31.34,11,1004,3.08,clear sky
2025-04-05 18:00:00,Kanpur,29.13,13,1005,2.38,clear sky
2025-04-05 21:00:00,Kanpur,27.44,16,1004,3.66,clear sky
2025-04-06 00:00:00,Kanpur,26.32,17,1004,2.99,clear sky
2025-04-06 03:00:00,Kanpur,33.06,11,1007,3.86,clear sky
2025-04-06 06:00:00,Kanpur,40.22,7,1006,4.13,clear sky
2025-04-06 09:00:00,Kanpur,42.05,5,1002,5.85,clear sky
2025-04-06 12:00:00,Kanpur,40.21,6,1002,4.49,clear sky
2025-04-06 15:00:00,Kanpur,32.66,9,1003,1.48,clear sky
2025-04-06 18:00:00,Kanpur,30.32,10,1004,1.1,clear sky
2025-04-06 21:00:00,Kanpur,28.46,11,1003,1.25,clear sky
2025-04-07 00:00:00,Kanpur,26.93,12,1005,1.88,clear sky
2025-04-07 03:00:00,Kanpur,34.98,7,1007,2.87,clear sky
2025-04-07 06:00:00,Kanpur,41.68,5,1006,4.28,clear sky
2025-04-07 09:00:00,Kanpur,43.2,5,1003,2.6,clear sky
2025-04-07 12:00:00,Kanpur,41.51,5,1002,2.68,clear sky
2025-04-07 15:00:00,Kanpur,33.56,7,1004,4.18,clear sky
2025-04-07 18:00:00,Kanpur,30.94,10,1005,4.04,clear sky
2025-04-07 21:00:00,Kanpur,28.8,19,1005,4.19,clear sky
2025-04-08 00:00:00,Kanpur,27.22,26,1007,3.75,clear sky
2025-04-08 03:00:00,Kanpur,35.22,20,1008,7.07,clear sky
2025-04-08 06:00:00,Kanpur,42.53,11,1007,5.52,clear sky
2025-04-08 09:00:00,Kanpur,43.87,8,1004,3.78,clear sky
2025-04-08 12:00:00,Kanpur,42.35,8,1002,1.67,clear sky
2025-04-08 15:00:00,Kanpur,34.03,18,1005,6.6,scattered clouds
2025-04-08 18:00:00,Kanpur,29.08,32,1007,8.58,scattered clouds
2025-04-08 21:00:00,Kanpur,26.97,44,1005,6.74,broken clouds
2025-04-09 00:00:00,Kanpur,26.42,45,1006,5.24,broken clouds
2025-04-09 03:00:00,Kanpur,30.35,36,1008,7.01,broken clouds
2025-04-09 06:00:00,Kanpur,37.36,21,1007,4.26,scattered clouds
2025-04-09 09:00:00,Kanpur,40.96,14,1002,3.18,scattered clouds
2025-04-04 12:00:00,Nagpur,36.32,16,1007,3.17,clear sky
2025-04-04 15:00:00,Nagpur,35.27,18,1008,2.88,clear sky
2025-04-04 18:00:00,Nagpur,32.71,26,1009,2.81,few clouds
2025-04-04 21:00:00,Nagpur,29.29,31,1008,2.66,clear sky
2025-04-05 00:00:00,Nagpur,28.05,30,1009,2.13,clear sky
2025-04-05 03:00:00,Nagpur,33.62,22,1010,3.34,clear sky
2025-04-05 06:00:00,Nagpur,38.82,9,1009,2.79,clear sky
2025-04-05 09:00:00,Nagpur,40.41,8,1005,2.59,clear sky
2025-04-05 12:00:00,Nagpur,39.38,7,1004,3.03,clear sky
2025-04-05 15:00:00,Nagpur,33.94,12,1006,3.01,clear sky
2025-04-05 18:00:00,Nagpur,32.09,12,1007,2.95,clear sky
2025-04-05 21:00:00,Nagpur,29.75,14,1006,2.88,clear sky
2025-04-06 00:00:00,Nagpur,27.6,15,1007,2.79,clear sky
2025-04-06 03:00:00,Nagpur,33.7,10,1009,2.9,clear sky
2025-04-06 06:00:00,Nagpur,39.05,7,1008,3.21,clear sky
2025-04-06 09:00:00,Nagpur,41.18,6,1004,2.93,clear sky
2025-04-06 12:00:00,Nagpur,40.68,6,1003,2.12,clear sky
2025-04-06 15:00:00,Nagpur,34.92,10,1006,1,clear sky
2025-04-06 18:00:00,Nagpur,32.9,12,1006,2.49,clear sky
2025-04-06 21:00:00,Nagpur,31.15,13,1005,2.77,clear sky
2025-04-07 00:00:00,Nagpur,29.24,14,1006,2.92,clear sky
2025-04-07 03:00:00,Nagpur,34.37,10,1009,2.25,clear sky
2025-04-07 06:00:00,Nagpur,40.75,7,1007,1.21,clear sky
2025-04-07 09:00:00,Nagpur,42.73,6,1004,1.94,clear sky
2025-04-07 12:00:00,Nagpur,41.86,6,1003,2.67,clear sky
2025-04-07 15:00:00,Nagpur,36.11,9,1005,1.93,clear sky
2025-04-07 18:00:00,Nagpur,34.32,10,1006,2.65,clear sky
2025-04-07 21:00:00,Nagpur,31.81,12,1005,2.05,clear sky
2025-04-08 00:00:00,Nagpur,28.43,23,1007,4.14,scattered clouds
2025-04-08 03:00:00,Nagpur,33.46,16,1009,4.03,clear sky
2025-04-08 06:00:00,Nagpur,39.45,10,1008,3.91,clear sky
2025-04-08 09:00:00,Nagpur,42.14,8,1004,2.61,clear sky
2025-04-08 12:00:00,Nagpur,41.44,7,1003,4.29,clear sky
2025-04-08 15:00:00,Nagpur,36.3,11,1005,3.08,clear sky
2025-04-08 18:00:00,Nagpur,33.01,18,1006,3.11,clear sky
2025-04-08 21:00:00,Nagpur,29.89,38,1006,6.97,scattered clouds
2025-04-09 00:00:00,Nagpur,27.97,43,1007,4.47,scattered clouds
2025-04-09 03:00:00,Nagpur,31.7,35,1009,5.81,scattered clouds
2025-04-09 06:00:00,Nagpur,38.22,19,1007,4.8,few clouds
2025-04-09 09:00:00,Nagpur,41.53,11,1003,2.16,clear sky
2025-04-04 12:00:00,Indore,35.74,9,1008,4.31,clear sky
2025-04-04 15:00:00,Indore,34.05,11,1009,3.44,clear sky
2025-04-04 18:00:00,Indore,31.15,12,1010,3.15,clear sky
2025-04-04 21:00:00,Indore,27.41,14,1009,4.04,clear sky
2025-04-05 00:00:00,Indore,24.48,18,1010,3.63,clear sky
2025-04-05 03:00:00,Indore,29.6,13,1012,3.92,clear sky
2025-04-05 06:00:00,Indore,36.89,6,1011,4.54,clear sky
2025-04-05 09:00:00,Indore,38.33,6,1007,4.76,clear sky
2025-04-05 12:00:00,Indore,37.15,7,1006,4.95,clear sky
2025-04-05 15:00:00,Indore,31.41,12,1008,1.96,clear sky
2025-04-05 18:00:00,Indore,29.36,13,1009,2.26,clear sky
2025-04-05 21:00:00,Indore,27.14,15,1009,3.01,clear sky
2025-04-06 00:00:00,Indore,26.07,16,1009,2.78,clear sky
2025-04-06 03:00:00,Indore,31.2,13,1011,5.4,clear sky
2025-04-06 06:00:00,Indore,38.3,8,1009,5.2,clear sky
2025-04-06 09:00:00,Indore,39.67,6,1006,5.02,clear sky
2025-04-06 12:00:00,Indore,38.39,7,1005,5.58,clear sky
2025-04-06 15:00:00,Indore,32.7,10,1007,3.45,clear sky
2025-04-06 18:00:00,Indore,30.12,13,1008,3.98,clear sky
2025-04-06 21:00:00,Indore,29.15,13,1008,6.2,clear sky
2025-04-07 00:00:00,Indore,26.69,21,1009,5.71,clear sky
2025-04-07 03:00:00,Indore,31.42,15,1010,7.66,clear sky
2025-04-07 06:00:00,Indore,38.68,7,1009,8.13,clear sky
2025-04-07 09:00:00,Indore,40.62,6,1006,5.82,clear sky
2025-04-07 12:00:00,Indore,39.27,6,1005,5.41,clear sky
2025-04-07 15:00:00,Indore,33.14,10,1007,4.09,clear sky
2025-04-07 18:00:00,Indore,30.99,12,1008,4.99,clear sky
2025-04-07 21:00:00,Indore,29.02,14,1007,4.06,clear sky
2025-04-08 00:00:00,Indore,26.77,19,1009,4.82,clear sky
2025-04-08 03:00:00,Indore,31.97,15,1011,6.69,clear sky
2025-04-08 06:00:00,Indore,39.65,7,1009,6.49,clear sky
2025-04-08 09:00:00,Indore,41.47,6,1006,3.81,clear sky
2025-04-08 12:00:00,Indore,40.33,6,1005,3.16,few clouds
2025-04-08 15:00:00,Indore,34.39,9,1007,2.75,broken clouds
2025-04-08 18:00:00,Indore,31.27,12,1008,3.67,broken clouds
2025-04-08 21:00:00,Indore,29.55,13,1006,4.21,few clouds
2025-04-09 00:00:00,Indore,27.46,14,1008,4.53,few clouds
2025-04-09 03:00:00,Indore,34.19,10,1009,7.05,clear sky
2025-04-09 06:00:00,Indore,40.46,6,1007,6.79,clear sky
2025-04-09 09:00:00,Indore,41.96,6,1004,5.3,scattered clouds
2025-04-04 12:00:00,Thane,32.14,45,1008,7.41,clear sky
2025-04-04 15:00:00,Thane,31.63,41,1009,3.02,clear sky
2025-04-04 18:00:00,Thane,30.46,39,1010,2.09,clear sky
2025-04-04 21:00:00,Thane,27.98,46,1009,2.8,clear sky
2025-04-05 00:00:00,Thane,27.17,46,1010,2.05,clear sky
2025-04-05 03:00:00,Thane,29.73,33,1012,1.91,clear sky
2025-04-05 06:00:00,Thane,36.26,20,1011,2.17,clear sky
2025-04-05 09:00:00,Thane,35.37,25,1008,7.4,clear sky
2025-04-05 12:00:00,Thane,36.2,20,1007,6.1,clear sky
2025-04-05 15:00:00,Thane,32.17,31,1008,3.38,clear sky
2025-04-05 18:00:00,Thane,29.75,46,1010,1.99,clear sky
2025-04-05 21:00:00,Thane,28,58,1009,1.78,clear sky
2025-04-06 00:00:00,Thane,26.97,65,1009,2.39,clear sky
2025-04-06 03:00:00,Thane,28.29,61,1012,1.81,clear sky
2025-04-06 06:00:00,Thane,33.41,38,1011,2.39,clear sky
2025-04-06 09:00:00,Thane,34.04,40,1008,6.79,clear sky
2025-04-06 12:00:00,Thane,33.42,34,1007,5.2,clear sky
2025-04-06 15:00:00,Thane,31.32,33,1008,2.35,clear sky
2025-04-06 18:00:00,Thane,29.78,41,1009,1.43,clear sky
2025-04-06 21:00:00,Thane,28.81,42,1008,0.64,clear sky
2025-04-07 00:00:00,Thane,27.93,43,1008,0.77,clear sky
2025-04-07 03:00:00,Thane,30.43,32,1010,2.19,clear sky
2025-04-07 06:00:00,Thane,36.29,20,1009,4.17,clear sky
2025-04-07 09:00:00,Thane,37.41,21,1006,7.48,clear sky
2025-04-07 12:00:00,Thane,34.81,24,1005,6.92,clear sky
2025-04-07 15:00:00,Thane,30.94,36,1008,2.79,clear sky
2025-04-07 18:00:00,Thane,29.71,41,1009,1.62,clear sky
2025-04-07 21:00:00,Thane,28.62,45,1007,0.54,clear sky
2025-04-08 00:00:00,Thane,27.76,48,1008,0.22,clear sky
2025-04-08 03:00:00,Thane,29.84,41,1010,0.52,clear sky
2025-04-08 06:00:00,Thane,35.82,23,1010,2.1,clear sky
2025-04-08 09:00:00,Thane,36.19,29,1006,6.9,clear sky
2025-04-08 12:00:00,Thane,34.86,28,1005,5.63,clear sky
2025-04-08 15:00:00,Thane,31.13,42,1008,2.92,clear sky
2025-04-08 18:00:00,Thane,28.85,60,1010,3.61,clear sky
2025-04-08 21:00:00,Thane,28.05,60,1008,2.19,clear sky
2025-04-09 00:00:00,Thane,27.22,61,1008,1.32,clear sky
2025-04-09 03:00:00,Thane,28.56,56,1011,2.15,scattered clouds
2025-04-09 06:00:00,Thane,33.42,37,1010,2.89,few clouds
2025-04-09 09:00:00,Thane,33.7,41,1007,6.37,clear sky
2025-04-04 12:00:00,Bhopal,36.36,7,1007,2.82,clear sky
2025-04-04 15:00:00,Bhopal,34.66,8,1008,3.02,clear sky
2025-04-04 18:00:00,Bhopal,31.61,10,1009,0.93,clear sky
2025-04-04 21:00:00,Bhopal,27.58,13,1009,2.89,clear sky
2025-04-05 00:00:00,Bhopal,25.57,15,1010,3.41,clear sky
2025-04-05 03:00:00,Bhopal,31.31,11,1011,3.48,clear sky
2025-04-05 06:00:00,Bhopal,37.46,6,1010,3.98,clear sky
2025-04-05 09:00:00,Bhopal,38.95,5,1006,5.26,clear sky
2025-04-05 12:00:00,Bhopal,37.45,6,1005,5.07,clear sky
2025-04-05 15:00:00,Bhopal,32.11,11,1008,3.77,clear sky
2025-04-05 18:00:00,Bhopal,30.33,13,1008,3.05,clear sky
2025-04-05 21:00:00,Bhopal,28.79,14,1007,2.35,clear sky
2025-04-06 00:00:00,Bhopal,26.74,16,1008,2.43,clear sky
2025-04-06 03:00:00,Bhopal,33.11,11,1010,3.13,clear sky
2025-04-06 06:00:00,Bhopal,38.24,7,1009,3.66,clear sky
2025-04-06 09:00:00,Bhopal,40.1,6,1005,4.02,clear sky
2025-04-06 12:00:00,Bhopal,39.23,6,1004,3.88,clear sky
2025-04-06 15:00:00,Bhopal,33.74,9,1006,0.86,clear sky
2025-04-06 18:00:00,Bhopal,31.53,10,1007,2.42,clear sky
2025-04-06 21:00:00,Bhopal,29.26,13,1006,3.54,clear sky
2025-04-07 00:00:00,Bhopal,27.99,14,1007,5.45,clear sky
2025-04-07 03:00:00,Bhopal,32.79,11,1009,6.36,clear sky
2025-04-07 06:00:00,Bhopal,39.48,7,1008,5.18,clear sky
2025-04-07 09:00:00,Bhopal,41.26,6,1005,4.02,clear sky
2025-04-07 12:00:00,Bhopal,40.04,6,1004,3.69,clear sky
2025-04-07 15:00:00,Bhopal,35.11,9,1006,1.71,clear sky
2025-04-07 18:00:00,Bhopal,32.32,11,1007,2.6,clear sky
2025-04-07 21:00:00,Bhopal,30.98,12,1006,4.53,clear sky
2025-04-08 00:00:00,Bhopal,28.67,15,1007,5.44,clear sky
2025-04-08 03:00:00,Bhopal,32.69,13,1010,5.85,clear sky
2025-04-08 06:00:00,Bhopal,40.36,7,1008,5.33,clear sky
2025-04-08 09:00:00,Bhopal,41.95,6,1005,3.6,clear sky
2025-04-08 12:00:00,Bhopal,40.81,6,1004,5.71,few clouds
2025-04-08 15:00:00,Bhopal,35.06,10,1006,3.65,broken clouds
2025-04-08 18:00:00,Bhopal,34.1,10,1006,2.2,few clouds
2025-04-08 21:00:00,Bhopal,30.88,12,1005,3.35,clear sky
2025-04-09 00:00:00,Bhopal,28.53,14,1006,3.43,clear sky
2025-04-09 03:00:00,Bhopal,35.41,9,1008,7.37,few clouds
2025-04-09 06:00:00,Bhopal,40.76,7,1007,6.85,few clouds
2025-04-09 09:00:00,Bhopal,42.17,6,1003,6.32,clear sky
2025-04-04 12:00:00,Visakhapatnam,30.12,64,1008,4.53,scattered clouds
2025-04-04 15:00:00,Visakhapatnam,29.71,68,1009,3.26,scattered clouds
2025-04-04 18:00:00,Visakhapatnam,28.71,75,1010,3.1,broken clouds
2025-04-04 21:00:00,Visakhapatnam,27.25,83,1009,2.56,scattered clouds
2025-04-05 00:00:00,Visakhapatnam,26.69,84,1010,2.56,scattered clouds
2025-04-05 03:00:00,Visakhapatnam,30.53,61,1011,3.04,scattered clouds
2025-04-05 06:00:00,Visakhapatnam,32.81,55,1010,6.51,scattered clouds
2025-04-05 09:00:00,Visakhapatnam,31.86,60,1007,7.07,overcast clouds
2025-04-05 12:00:00,Visakhapatnam,29.97,66,1007,6.75,broken clouds
2025-04-05 15:00:00,Visakhapatnam,28.39,76,1009,4.29,scattered clouds
2025-04-05 18:00:00,Visakhapatnam,27.86,81,1010,3.94,scattered clouds
2025-04-05 21:00:00,Visakhapatnam,26.89,83,1007,4.21,few clouds
2025-04-06 00:00:00,Visakhapatnam,26.51,84,1008,3.46,clear sky
2025-04-06 03:00:00,Visakhapatnam,30.06,63,1010,4.79,broken clouds
2025-04-06 06:00:00,Visakhapatnam,32.92,55,1009,6.57,broken clouds
2025-04-06 09:00:00,Visakhapatnam,32.32,61,1005,6.92,scattered clouds
2025-04-06 12:00:00,Visakhapatnam,31.06,53,1007,2.96,light rain
2025-04-06 15:00:00,Visakhapatnam,28.54,82,1008,4.75,overcast clouds
2025-04-06 18:00:00,Visakhapatnam,28.04,84,1009,3.83,overcast clouds
2025-04-06 21:00:00,Visakhapatnam,27.6,85,1008,3.91,clear sky
2025-04-07 00:00:00,Visakhapatnam,27.3,85,1009,2.95,clear sky
2025-04-07 03:00:00,Visakhapatnam,30.22,69,1011,3.05,broken clouds
2025-04-07 06:00:00,Visakhapatnam,32.85,56,1010,5.34,broken clouds
2025-04-07 09:00:00,Visakhapatnam,31.77,61,1006,7.02,clear sky
2025-04-07 12:00:00,Visakhapatnam,30.45,65,1008,5.29,clear sky
2025-04-07 15:00:00,Visakhapatnam,28.77,76,1010,3.89,overcast clouds
2025-04-07 18:00:00,Visakhapatnam,28.18,77,1011,3.24,overcast clouds
2025-04-07 21:00:00,Visakhapatnam,27.7,76,1010,2.71,light rain
2025-04-08 00:00:00,Visakhapatnam,27.2,75,1011,1.01,scattered clouds
2025-04-08 03:00:00,Visakhapatnam,29.96,61,1013,2.12,clear sky
2025-04-08 06:00:00,Visakhapatnam,31.27,59,1012,4.89,clear sky
2025-04-08 09:00:00,Visakhapatnam,31.55,56,1009,4.68,clear sky
2025-04-08 12:00:00,Visakhapatnam,29.99,65,1009,3.44,clear sky
2025-04-08 15:00:00,Visakhapatnam,29.1,69,1011,5,light rain
2025-04-08 18:00:00,Visakhapatnam,27.9,78,1012,2.47,light rain
2025-04-08 21:00:00,Visakhapatnam,27.63,79,1009,1.95,light rain
2025-04-09 00:00:00,Visakhapatnam,27.47,79,1009,2.63,light rain
2025-04-09 03:00:00,Visakhapatnam,29.82,66,1011,3.24,overcast clouds
2025-04-09 06:00:00,Visakhapatnam,31.86,58,1010,4.89,scattered clouds
2025-04-09 09:00:00,Visakhapatnam,31.01,63,1006,5.83,clear sky
2025-04-04 12:00:00,Pimpri-Chinchwad,35.85,13,1008,3.77,clear sky
2025-04-04 15:00:00,Pimpri-Chinchwad,33.52,25,1009,4.25,few clouds
2025-04-04 18:00:00,Pimpri-Chinchwad,29.84,35,1011,2.63,few clouds
2025-04-04 21:00:00,Pimpri-Chinchwad,25.95,36,1011,1.68,scattered clouds
2025-04-05 00:00:00,Pimpri-Chinchwad,25.07,33,1011,0.78,few clouds
2025-04-05 03:00:00,Pimpri-Chinchwad,29.96,21,1013,1.55,clear sky
2025-04-05 06:00:00,Pimpri-Chinchwad,36.04,11,1012,4.24,clear sky
2025-04-05 09:00:00,Pimpri-Chinchwad,37.5,9,1008,2.33,clear sky
2025-04-05 12:00:00,Pimpri-Chinchwad,36.98,10,1007,3.98,clear sky
2025-04-05 15:00:00,Pimpri-Chinchwad,30.35,23,1010,3.61,few clouds
2025-04-05 18:00:00,Pimpri-Chinchwad,28.34,23,1011,2.45,few clouds
2025-04-05 21:00:00,Pimpri-Chinchwad,25.76,32,1010,2.82,clear sky
2025-04-06 00:00:00,Pimpri-Chinchwad,23.43,51,1011,2.76,clear sky
2025-04-06 03:00:00,Pimpri-Chinchwad,29.13,25,1012,2.69,clear sky
2025-04-06 06:00:00,Pimpri-Chinchwad,36.78,11,1011,4.37,clear sky
2025-04-06 09:00:00,Pimpri-Chinchwad,38.96,9,1007,6.5,clear sky
2025-04-06 12:00:00,Pimpri-Chinchwad,37.17,11,1006,7.38,clear sky
2025-04-06 15:00:00,Pimpri-Chinchwad,29.5,41,1009,2.99,clear sky
2025-04-06 18:00:00,Pimpri-Chinchwad,27.65,41,1010,3.13,clear sky
2025-04-06 21:00:00,Pimpri-Chinchwad,26.11,34,1009,2.85,clear sky
2025-04-07 00:00:00,Pimpri-Chinchwad,25.09,32,1010,3.18,clear sky
2025-04-07 03:00:00,Pimpri-Chinchwad,30.35,19,1011,2.5,clear sky
2025-04-07 06:00:00,Pimpri-Chinchwad,37.15,10,1010,2.68,clear sky
2025-04-07 09:00:00,Pimpri-Chinchwad,39.74,6,1006,3.56,clear sky
2025-04-07 12:00:00,Pimpri-Chinchwad,39.13,7,1005,2.85,few clouds
2025-04-07 15:00:00,Pimpri-Chinchwad,30.42,25,1009,3.06,broken clouds
2025-04-07 18:00:00,Pimpri-Chinchwad,28.43,27,1010,2.58,scattered clouds
2025-04-07 21:00:00,Pimpri-Chinchwad,26.88,27,1009,1.67,broken clouds
2025-04-08 00:00:00,Pimpri-Chinchwad,25.76,29,1009,2,scattered clouds
2025-04-08 03:00:00,Pimpri-Chinchwad,30.55,19,1012,1.58,clear sky
2025-04-08 06:00:00,Pimpri-Chinchwad,37.65,9,1011,3.54,clear sky
2025-04-08 09:00:00,Pimpri-Chinchwad,40.29,8,1007,4.31,clear sky
2025-04-08 12:00:00,Pimpri-Chinchwad,39.58,7,1005,4.7,clear sky
2025-04-08 15:00:00,Pimpri-Chinchwad,29.85,36,1010,3.98,scattered clouds
2025-04-08 18:00:00,Pimpri-Chinchwad,27.53,45,1010,3.04,scattered clouds
2025-04-08 21:00:00,Pimpri-Chinchwad,25.71,47,1009,2.47,clear sky
2025-04-09 00:00:00,Pimpri-Chinchwad,24.88,43,1010,1.97,scattered clouds
2025-04-09 03:00:00,Pimpri-Chinchwad,29.52,24,1012,1.2,few clouds
2025-04-09 06:00:00,Pimpri-Chinchwad,36.36,12,1010,2.66,clear sky
2025-04-09 09:00:00,Pimpri-Chinchwad,39.33,8,1006,0.89,clear sky
2025-04-04 12:00:00,Patna,37.66,9,1004,5.4,broken clouds
2025-04-04 15:00:00,Patna,35.7,10,1005,3.04,broken clouds
2025-04-04 18:00:00,Patna,31.94,13,1005,2.46,scattered clouds
2025-04-04 21:00:00,Patna,27.47,16,1005,2.09,broken clouds
2025-04-05 00:00:00,Patna,25.01,19,1006,1.78,broken clouds
2025-04-05 03:00:00,Patna,34.19,10,1008,3.04,clear sky
2025-04-05 06:00:00,Patna,40.78,5,1006,4.86,clear sky
2025-04-05 09:00:00,Patna,41.93,5,1002,6.67,clear sky
2025-04-05 12:00:00,Patna,39.12,5,1002,4.45,clear sky
2025-04-05 15:00:00,Patna,32.34,8,1003,3.08,clear sky
2025-04-05 18:00:00,Patna,29.15,9,1004,2.91,clear sky
2025-04-05 21:00:00,Patna,26.47,11,1003,0.16,clear sky
2025-04-06 00:00:00,Patna,25.24,12,1005,1.61,clear sky
2025-04-06 03:00:00,Patna,34.51,7,1007,0.32,clear sky
2025-04-06 06:00:00,Patna,40.45,5,1006,2.49,clear sky
2025-04-06 09:00:00,Patna,41.69,5,1002,2.23,clear sky
2025-04-06 12:00:00,Patna,39.21,6,1002,1.79,clear sky
2025-04-06 15:00:00,Patna,32.88,9,1004,2.76,clear sky
2025-04-06 18:00:00,Patna,30.06,10,1005,2.71,clear sky
2025-04-06 21:00:00,Patna,27.41,13,1004,4.09,clear sky
2025-04-07 00:00:00,Patna,25.14,68,1007,6.85,clear sky
2025-04-07 03:00:00,Patna,30.62,53,1010,8.12,clear sky
2025-04-07 06:00:00,Patna,38.11,28,1008,6.58,clear sky
2025-04-07 09:00:00,Patna,41.75,14,1004,4.25,clear sky
2025-04-07 12:00:00,Patna,39.84,14,1003,4.15,clear sky
2025-04-07 15:00:00,Patna,33.63,24,1006,4.95,clear sky
2025-04-07 18:00:00,Patna,31.8,30,1007,7.87,clear sky
2025-04-07 21:00:00,Patna,28.31,38,1007,3.41,clear sky
2025-04-08 00:00:00,Patna,26.79,42,1009,5.14,clear sky
2025-04-08 03:00:00,Patna,33.45,29,1011,6.38,clear sky
2025-04-08 06:00:00,Patna,39.41,20,1010,6.58,clear sky
2025-04-08 09:00:00,Patna,41.69,16,1005,5.22,clear sky
2025-04-08 12:00:00,Patna,31.4,31,1005,8.87,clear sky
2025-04-08 15:00:00,Patna,28.51,39,1007,3.34,overcast clouds
2025-04-08 18:00:00,Patna,25.9,64,1010,7.47,light rain
2025-04-08 21:00:00,Patna,26.01,61,1010,4.47,overcast clouds
2025-04-09 00:00:00,Patna,25.48,60,1009,5.02,overcast clouds
2025-04-09 03:00:00,Patna,28.45,52,1011,6.63,light rain
2025-04-09 06:00:00,Patna,31.2,39,1010,5.8,overcast clouds
2025-04-09 09:00:00,Patna,36.45,25,1005,4.05,broken clouds
2025-04-04 12:00:00,Vadodara,39.96,8,1007,1.84,clear sky
2025-04-04 15:00:00,Vadodara,37.54,11,1008,3.73,clear sky
2025-04-04 18:00:00,Vadodara,33.17,22,1009,3.96,clear sky
2025-04-04 21:00:00,Vadodara,28.64,30,1009,3.68,clear sky
2025-04-05 00:00:00,Vadodara,27.14,24,1010,1.73,clear sky
2025-04-05 03:00:00,Vadodara,31.39,23,1012,4.27,clear sky
2025-04-05 06:00:00,Vadodara,37.87,14,1011,3.42,clear sky
2025-04-05 09:00:00,Vadodara,41.83,7,1007,3.22,clear sky
2025-04-05 12:00:00,Vadodara,41.61,7,1005,4.55,clear sky
2025-04-05 15:00:00,Vadodara,34.14,13,1007,3.27,clear sky
2025-04-05 18:00:00,Vadodara,31.08,17,1009,3.43,clear sky
2025-04-05 21:00:00,Vadodara,29.88,23,1007,2.62,clear sky
2025-04-06 00:00:00,Vadodara,28.18,28,1008,2.29,clear sky
2025-04-06 03:00:00,Vadodara,31.66,24,1011,3.48,clear sky
2025-04-06 06:00:00,Vadodara,40.05,10,1009,4.12,clear sky
2025-04-06 09:00:00,Vadodara,43.46,7,1005,3.97,clear sky
2025-04-06 12:00:00,Vadodara,42.5,7,1004,6.73,clear sky
2025-04-06 15:00:00,Vadodara,32.06,28,1007,5.79,clear sky
2025-04-06 18:00:00,Vadodara,30.22,35,1007,3.8,clear sky
2025-04-06 21:00:00,Vadodara,29.52,25,1007,3.6,clear sky
2025-04-07 00:00:00,Vadodara,26.98,31,1008,2.22,clear sky
2025-04-07 03:00:00,Vadodara,31.17,23,1011,4.04,clear sky
2025-04-07 06:00:00,Vadodara,39.55,10,1009,4.38,clear sky
2025-04-07 09:00:00,Vadodara,43.87,6,1005,4.06,clear sky
2025-04-07 12:00:00,Vadodara,43.09,6,1004,5.53,clear sky
2025-04-07 15:00:00,Vadodara,35.4,11,1006,3.56,clear sky
2025-04-07 18:00:00,Vadodara,31.45,30,1007,3.78,clear sky
2025-04-07 21:00:00,Vadodara,30.66,17,1007,3.54,clear sky
2025-04-08 00:00:00,Vadodara,27.44,27,1008,3.4,clear sky
2025-04-08 03:00:00,Vadodara,31.29,25,1010,3.6,clear sky
2025-04-08 06:00:00,Vadodara,40.2,10,1009,4.65,clear sky
2025-04-08 09:00:00,Vadodara,44.57,6,1005,3.64,clear sky
2025-04-08 12:00:00,Vadodara,43.7,5,1004,5.43,clear sky
2025-04-08 15:00:00,Vadodara,35.17,14,1006,4.65,clear sky
2025-04-08 18:00:00,Vadodara,32.73,26,1007,4.74,clear sky
2025-04-08 21:00:00,Vadodara,30.51,19,1006,4.5,clear sky
2025-04-09 00:00:00,Vadodara,27.47,31,1007,0.51,clear sky
2025-04-09 03:00:00,Vadodara,31.88,23,1009,2.67,clear sky
2025-04-09 06:00:00,Vadodara,39.07,13,1008,4.25,clear sky
2025-04-09 09:00:00,Vadodara,44.45,7,1004,4.96,clear sky
2025-04-04 12:00:00,Ghaziabad,36.99,6,1006,4.85,clear sky
2025-04-04 15:00:00,Ghaziabad,35.23,7,1007,3.46,clear sky
2025-04-04 18:00:00,Ghaziabad,31.13,10,1007,2.77,clear sky
2025-04-04 21:00:00,Ghaziabad,26.22,14,1007,2.53,clear sky
2025-04-05 00:00:00,Ghaziabad,24.9,16,1007,2.51,clear sky
2025-04-05 03:00:00,Ghaziabad,29.72,12,1009,3.14,clear sky
2025-04-05 06:00:00,Ghaziabad,35.77,9,1008,4.66,clear sky
2025-04-05 09:00:00,Ghaziabad,38.58,9,1004,6.13,clear sky
2025-04-05 12:00:00,Ghaziabad,38.05,9,1003,5.7,clear sky
2025-04-05 15:00:00,Ghaziabad,32.17,10,1004,3,clear sky
2025-04-05 18:00:00,Ghaziabad,29.75,11,1005,2.78,clear sky
2025-04-05 21:00:00,Ghaziabad,27.32,13,1004,2.28,clear sky
2025-04-06 00:00:00,Ghaziabad,26.27,14,1005,2.4,clear sky
2025-04-06 03:00:00,Ghaziabad,31.66,11,1006,1.84,few clouds
2025-04-06 06:00:00,Ghaziabad,37.65,8,1006,3.13,scattered clouds
2025-04-06 09:00:00,Ghaziabad,40.3,7,1003,2.67,clear sky
2025-04-06 12:00:00,Ghaziabad,40.29,7,1002,0.84,clear sky
2025-04-06 15:00:00,Ghaziabad,33.99,10,1003,1.34,clear sky
2025-04-06 18:00:00,Ghaziabad,31.98,12,1004,0.34,few clouds
2025-04-06 21:00:00,Ghaziabad,29.48,13,1004,1.12,broken clouds
2025-04-07 00:00:00,Ghaziabad,28.8,14,1004,1.49,overcast clouds
2025-04-07 03:00:00,Ghaziabad,33.4,11,1007,1.64,scattered clouds
2025-04-07 06:00:00,Ghaziabad,40.59,7,1006,2.49,scattered clouds
2025-04-07 09:00:00,Ghaziabad,42.68,6,1003,3.47,clear sky
2025-04-07 12:00:00,Ghaziabad,41.59,6,1003,2.8,few clouds
2025-04-07 15:00:00,Ghaziabad,36.18,8,1004,0.95,clear sky
2025-04-07 18:00:00,Ghaziabad,32.93,10,1005,2.65,clear sky
2025-04-07 21:00:00,Ghaziabad,31.17,10,1005,2.48,clear sky
2025-04-08 00:00:00,Ghaziabad,28.64,11,1006,3.05,scattered clouds
2025-04-08 03:00:00,Ghaziabad,32.63,9,1009,4.7,scattered clouds
2025-04-08 06:00:00,Ghaziabad,40.36,7,1008,5.22,few clouds
2025-04-08 09:00:00,Ghaziabad,43.1,6,1004,2.86,clear sky
2025-04-08 12:00:00,Ghaziabad,42.2,6,1003,1.63,clear sky
2025-04-08 15:00:00,Ghaziabad,36.43,8,1004,2.17,clear sky
2025-04-08 18:00:00,Ghaziabad,33.31,10,1004,2.21,clear sky
2025-04-08 21:00:00,Ghaziabad,30.34,18,1004,4.16,few clouds
2025-04-09 00:00:00,Ghaziabad,28.13,31,1005,4.55,few clouds
2025-04-09 03:00:00,Ghaziabad,29.9,32,1008,7.3,few clouds
2025-04-09 06:00:00,Ghaziabad,36.24,21,1007,5.72,clear sky
2025-04-09 09:00:00,Ghaziabad,40.47,14,1002,3.63,clear sky
2025-04-04 12:00:00,Ludhiana,35.24,9,1007,6.15,clear sky
2025-04-04 15:00:00,Ludhiana,32.21,12,1008,3.19,clear sky
2025-04-04 18:00:00,Ludhiana,26.83,17,1008,3.12,clear sky
2025-04-04 21:00:00,Ludhiana,21.12,24,1008,2.8,clear sky
2025-04-05 00:00:00,Ludhiana,19.38,28,1008,2.75,clear sky
2025-04-05 03:00:00,Ludhiana,27.08,18,1009,2.73,clear sky
2025-04-05 06:00:00,Ludhiana,35.5,11,1008,1.95,clear sky
2025-04-05 09:00:00,Ludhiana,38.09,7,1005,4.87,clear sky
2025-04-05 12:00:00,Ludhiana,36.97,7,1004,3.6,clear sky
2025-04-05 15:00:00,Ludhiana,27.35,14,1005,2.04,few clouds
2025-04-05 18:00:00,Ludhiana,24.5,18,1006,1.67,few clouds
2025-04-05 21:00:00,Ludhiana,23.33,19,1005,0.8,broken clouds
2025-04-06 00:00:00,Ludhiana,22.67,20,1005,1.75,broken clouds
2025-04-06 03:00:00,Ludhiana,30.57,12,1006,2.03,scattered clouds
2025-04-06 06:00:00,Ludhiana,38.94,8,1005,2.48,few clouds
2025-04-06 09:00:00,Ludhiana,41.04,7,1002,3.74,clear sky
2025-04-06 12:00:00,Ludhiana,39.72,8,1002,3.79,scattered clouds
2025-04-06 15:00:00,Ludhiana,30.4,12,1004,3.17,overcast clouds
2025-04-06 18:00:00,Ludhiana,27.49,13,1005,3.4,broken clouds
2025-04-06 21:00:00,Ludhiana,26.14,14,1004,2.11,clear sky
2025-04-07 00:00:00,Ludhiana,24.43,16,1004,1.17,clear sky
2025-04-07 03:00:00,Ludhiana,32.43,10,1007,1.62,clear sky
2025-04-07 06:00:00,Ludhiana,41.61,7,1006,1.73,clear sky
2025-04-07 09:00:00,Ludhiana,42.85,6,1003,3.44,clear sky
2025-04-07 12:00:00,Ludhiana,41.57,6,1002,2.35,few clouds
2025-04-07 15:00:00,Ludhiana,31.73,11,1005,2.74,scattered clouds
2025-04-07 18:00:00,Ludhiana,28.68,14,1006,2.62,scattered clouds
2025-04-07 21:00:00,Ludhiana,27.53,14,1005,2.14,few clouds
2025-04-08 00:00:00,Ludhiana,25.72,17,1006,3.73,few clouds
2025-04-08 03:00:00,Ludhiana,34.27,9,1008,6.38,clear sky
2025-04-08 06:00:00,Ludhiana,42.07,6,1007,5.92,clear sky
2025-04-08 09:00:00,Ludhiana,44.15,5,1004,3.85,clear sky
2025-04-08 12:00:00,Ludhiana,42.68,5,1002,3.15,clear sky
2025-04-08 15:00:00,Ludhiana,32.48,10,1004,2.77,clear sky
2025-04-08 18:00:00,Ludhiana,29.2,13,1005,1.99,clear sky
2025-04-08 21:00:00,Ludhiana,27.68,14,1004,3.38,clear sky
2025-04-09 00:00:00,Ludhiana,25.55,18,1005,4.28,clear sky
2025-04-09 03:00:00,Ludhiana,32.13,22,1006,10.33,broken clouds
2025-04-09 06:00:00,Ludhiana,39.24,15,1005,8.31,broken clouds
2025-04-09 09:00:00,Ludhiana,42.44,11,1001,6.33,scattered clouds
2025-04-04 12:00:00,Agra,37.86,7,1005,4.41,clear sky
2025-04-04 15:00:00,Agra,35.53,8,1006,3.21,clear sky
2025-04-04 18:00:00,Agra,31.62,9,1007,3.1,clear sky
2025-04-04 21:00:00,Agra,25.93,12,1007,2.6,clear sky
2025-04-05 00:00:00,Agra,24.63,13,1008,2,clear sky
2025-04-05 03:00:00,Agra,30.66,11,1009,2.71,clear sky
2025-04-05 06:00:00,Agra,37.56,8,1008,3.47,clear sky
2025-04-05 09:00:00,Agra,39.98,7,1004,5.38,clear sky
2025-04-05 12:00:00,Agra,39.08,8,1003,6.32,clear sky
2025-04-05 15:00:00,Agra,32.06,12,1005,3.61,clear sky
2025-04-05 18:00:00,Agra,29.83,13,1005,3.6,clear sky
2025-04-05 21:00:00,Agra,27.87,15,1004,3.05,clear sky
2025-04-06 00:00:00,Agra,25.95,17,1005,3.09,clear sky
2025-04-06 03:00:00,Agra,32.35,11,1007,2.65,clear sky
2025-04-06 06:00:00,Agra,39.39,8,1006,2.65,clear sky
2025-04-06 09:00:00,Agra,42.19,6,1003,4.22,clear sky
2025-04-06 12:00:00,Agra,41.06,6,1002,3.37,clear sky
2025-04-06 15:00:00,Agra,34.3,10,1003,2.8,clear sky
2025-04-06 18:00:00,Agra,31.63,12,1004,1.61,clear sky
2025-04-06 21:00:00,Agra,29.83,13,1003,0.97,clear sky
2025-04-07 00:00:00,Agra,28.67,14,1004,1.22,clear sky
2025-04-07 03:00:00,Agra,34.02,10,1007,1.44,overcast clouds
2025-04-07 06:00:00,Agra,41.24,7,1006,2.27,broken clouds
2025-04-07 09:00:00,Agra,43.72,5,1003,0.53,clear sky
2025-04-07 12:00:00,Agra,42.27,6,1002,1.14,clear sky
2025-04-07 15:00:00,Agra,36.33,8,1004,2,clear sky
2025-04-07 18:00:00,Agra,32.6,9,1005,3.81,clear sky
2025-04-07 21:00:00,Agra,30.62,9,1004,2.84,clear sky
2025-04-08 00:00:00,Agra,28.73,10,1006,2.52,clear sky
2025-04-08 03:00:00,Agra,34.75,8,1008,3.25,clear sky
2025-04-08 06:00:00,Agra,41.41,7,1008,3.06,clear sky
2025-04-08 09:00:00,Agra,44.37,5,1004,0.87,clear sky
2025-04-08 12:00:00,Agra,42.92,5,1002,0.61,clear sky
2025-04-08 15:00:00,Agra,37.12,7,1004,1.96,clear sky
2025-04-08 18:00:00,Agra,33.67,11,1004,3.21,few clouds
2025-04-08 21:00:00,Agra,30.43,26,1004,6.6,broken clouds
2025-04-09 00:00:00,Agra,27.5,36,1005,4.12,scattered clouds
2025-04-09 03:00:00,Agra,30.83,32,1008,5.45,few clouds
2025-04-09 06:00:00,Agra,37.91,18,1006,3.68,few clouds
2025-04-09 09:00:00,Agra,41.61,12,1002,2.17,clear sky
2025-04-04 12:00:00,Nashik,34.08,18,1009,1.06,clear sky
2025-04-04 15:00:00,Nashik,32.24,22,1010,4.83,clear sky
2025-04-04 18:00:00,Nashik,29.33,26,1012,2.19,scattered clouds
2025-04-04 21:00:00,Nashik,25.99,29,1011,1.64,clear sky
2025-04-05 00:00:00,Nashik,24.46,30,1012,2.3,clear sky
2025-04-05 03:00:00,Nashik,28.77,23,1014,2.45,clear sky
2025-04-05 06:00:00,Nashik,34.88,11,1013,2.83,clear sky
2025-04-05 09:00:00,Nashik,36.72,9,1009,0.87,clear sky
2025-04-05 12:00:00,Nashik,36.33,10,1007,3.96,clear sky
2025-04-05 15:00:00,Nashik,30.52,14,1010,5.52,clear sky
2025-04-05 18:00:00,Nashik,28.36,16,1011,3.12,clear sky
2025-04-05 21:00:00,Nashik,26.49,20,1010,3.15,clear sky
2025-04-06 00:00:00,Nashik,25.17,27,1011,2.53,clear sky
2025-04-06 03:00:00,Nashik,29.33,22,1013,4.5,clear sky
2025-04-06 06:00:00,Nashik,36.12,12,1011,5.29,clear sky
2025-04-06 09:00:00,Nashik,37.73,10,1008,4.41,clear sky
2025-04-06 12:00:00,Nashik,36.65,11,1007,5.45,clear sky
2025-04-06 15:00:00,Nashik,30.2,24,1009,3.88,clear sky
2025-04-06 18:00:00,Nashik,27.89,25,1011,3.34,clear sky
2025-04-06 21:00:00,Nashik,25.97,29,1010,2.92,clear sky
2025-04-07 00:00:00,Nashik,24.81,34,1010,3.16,clear sky
2025-04-07 03:00:00,Nashik,30.38,17,1012,5.91,clear sky
2025-04-07 06:00:00,Nashik,37.2,10,1010,5.55,clear sky
2025-04-07 09:00:00,Nashik,38.81,8,1007,3.51,clear sky
2025-04-07 12:00:00,Nashik,38.08,8,1006,5.44,clear sky
2025-04-07 15:00:00,Nashik,31.22,17,1009,4.5,scattered clouds
2025-04-07 18:00:00,Nashik,28.75,21,1010,2.61,few clouds
2025-04-07 21:00:00,Nashik,26.97,23,1009,3.26,clear sky
2025-04-08 00:00:00,Nashik,26.31,26,1009,2.92,clear sky
2025-04-08 03:00:00,Nashik,30.9,17,1012,2.68,clear sky
2025-04-08 06:00:00,Nashik,36.44,11,1011,2.94,clear sky
2025-04-08 09:00:00,Nashik,39.02,8,1008,2.21,clear sky
2025-04-08 12:00:00,Nashik,38.78,8,1006,2.57,clear sky
2025-04-08 15:00:00,Nashik,32.38,18,1009,3.23,broken clouds
2025-04-08 18:00:00,Nashik,29.37,21,1010,3.41,broken clouds
2025-04-08 21:00:00,Nashik,25.72,35,1009,3.51,clear sky
2025-04-09 00:00:00,Nashik,24.39,42,1010,3.08,clear sky
2025-04-09 03:00:00,Nashik,28.51,30,1012,2.32,scattered clouds
2025-04-09 06:00:00,Nashik,36.36,13,1011,3.85,few clouds
2025-04-09 09:00:00,Nashik,38.82,10,1007,6.02,clear sky
2025-04-04 12:00:00,Faridabad,37.12,6,1006,4.67,clear sky
2025-04-04 15:00:00,Faridabad,35.75,7,1007,3.25,clear sky
2025-04-04 18:00:00,Faridabad,32.34,9,1007,3.57,clear sky
2025-04-04 21:00:00,Faridabad,27.68,13,1007,2.78,clear sky
2025-04-05 00:00:00,Faridabad,26.14,15,1007,2.46,clear sky
2025-04-05 03:00:00,Faridabad,30.11,12,1009,3.41,clear sky
2025-04-05 06:00:00,Faridabad,35.96,9,1009,4.2,clear sky
2025-04-05 09:00:00,Faridabad,38.58,9,1005,5.98,clear sky
2025-04-05 12:00:00,Faridabad,38.2,8,1003,6.09,clear sky
2025-04-05 15:00:00,Faridabad,33.38,11,1005,4.07,clear sky
2025-04-05 18:00:00,Faridabad,30.71,13,1005,3.2,clear sky
2025-04-05 21:00:00,Faridabad,29.1,13,1004,2.38,clear sky
2025-04-06 00:00:00,Faridabad,27.45,13,1005,2.19,clear sky
2025-04-06 03:00:00,Faridabad,31.69,10,1007,2.34,broken clouds
2025-04-06 06:00:00,Faridabad,38.34,8,1006,2.53,scattered clouds
2025-04-06 09:00:00,Faridabad,40.78,7,1003,3.44,clear sky
2025-04-06 12:00:00,Faridabad,40.34,7,1002,2.24,clear sky
2025-04-06 15:00:00,Faridabad,35.02,10,1003,0.66,clear sky
2025-04-06 18:00:00,Faridabad,32.81,11,1004,0.57,clear sky
2025-04-06 21:00:00,Faridabad,30.99,12,1004,0.63,broken clouds
2025-04-07 00:00:00,Faridabad,29.43,14,1004,1.59,overcast clouds
2025-04-07 03:00:00,Faridabad,33.57,11,1007,2.02,scattered clouds
2025-04-07 06:00:00,Faridabad,41.18,7,1006,1.93,few clouds
2025-04-07 09:00:00,Faridabad,43.2,6,1003,2.84,clear sky
2025-04-07 12:00:00,Faridabad,41.96,6,1002,3.78,clear sky
2025-04-07 15:00:00,Faridabad,37.14,8,1004,1.74,clear sky
2025-04-07 18:00:00,Faridabad,33.2,10,1005,2.28,clear sky
2025-04-07 21:00:00,Faridabad,31.12,10,1005,2.24,clear sky
2025-04-08 00:00:00,Faridabad,28.97,11,1006,2.63,few clouds
2025-04-08 03:00:00,Faridabad,32.87,8,1009,4.16,scattered clouds
2025-04-08 06:00:00,Faridabad,40.63,5,1008,4.85,scattered clouds
2025-04-08 09:00:00,Faridabad,43.46,5,1004,2.54,clear sky
2025-04-08 12:00:00,Faridabad,42.64,5,1002,2.34,clear sky
2025-04-08 15:00:00,Faridabad,36.83,8,1004,2.43,clear sky
2025-04-08 18:00:00,Faridabad,33.75,10,1005,2.5,clear sky
2025-04-08 21:00:00,Faridabad,30.92,17,1004,4.95,broken clouds
2025-04-09 00:00:00,Faridabad,29.25,29,1005,4.74,broken clouds
2025-04-09 03:00:00,Faridabad,30.52,31,1008,6.73,clear sky
2025-04-09 06:00:00,Faridabad,36.93,20,1007,5.09,clear sky
2025-04-09 09:00:00,Faridabad,41.08,13,1002,3.23,clear sky
2025-04-04 12:00:00,Meerut,36.77,6,1005,5.41,clear sky
2025-04-04 15:00:00,Meerut,34.38,7,1006,3.63,clear sky
2025-04-04 18:00:00,Meerut,30.22,11,1007,3.84,clear sky
2025-04-04 21:00:00,Meerut,25.37,14,1007,3.06,clear sky
2025-04-05 00:00:00,Meerut,23.39,17,1007,3.31,clear sky
2025-04-05 03:00:00,Meerut,29.45,12,1009,3.79,clear sky
2025-04-05 06:00:00,Meerut,36.68,8,1008,5.76,clear sky
2025-04-05 09:00:00,Meerut,38.91,7,1004,6.98,clear sky
2025-04-05 12:00:00,Meerut,37.45,8,1003,5.94,clear sky
2025-04-05 15:00:00,Meerut,30.46,10,1004,3.3,clear sky
2025-04-05 18:00:00,Meerut,27.86,12,1005,3.27,clear sky
2025-04-05 21:00:00,Meerut,25.46,14,1004,2.55,clear sky
2025-04-06 00:00:00,Meerut,24.25,16,1005,2.93,clear sky
2025-04-06 03:00:00,Meerut,31.2,12,1006,2.4,few clouds
2025-04-06 06:00:00,Meerut,39.04,7,1006,3.21,few clouds
2025-04-06 09:00:00,Meerut,41.37,6,1002,3.49,clear sky
2025-04-06 12:00:00,Meerut,40.29,7,1002,3.71,clear sky
2025-04-06 15:00:00,Meerut,33.49,11,1003,1.98,clear sky
2025-04-06 18:00:00,Meerut,30.38,13,1004,1.79,few clouds
2025-04-06 21:00:00,Meerut,28.69,13,1004,1.79,overcast clouds
2025-04-07 00:00:00,Meerut,26.72,12,1005,1.64,overcast clouds
2025-04-07 03:00:00,Meerut,32.85,9,1007,2.02,broken clouds
2025-04-07 06:00:00,Meerut,40.8,7,1006,2.74,scattered clouds
2025-04-07 09:00:00,Meerut,43.15,6,1003,1.45,clear sky
2025-04-07 12:00:00,Meerut,41.74,6,1002,1.79,clear sky
2025-04-07 15:00:00,Meerut,35.19,9,1004,1.22,clear sky
2025-04-07 18:00:00,Meerut,31.22,10,1005,2.95,clear sky
2025-04-07 21:00:00,Meerut,29.34,11,1005,2.21,scattered clouds
2025-04-08 00:00:00,Meerut,27.02,12,1007,3.57,scattered clouds
2025-04-08 03:00:00,Meerut,32.78,10,1009,5.97,scattered clouds
2025-04-08 06:00:00,Meerut,40.3,9,1008,6.86,scattered clouds
2025-04-08 09:00:00,Meerut,43.17,7,1005,4.04,clear sky
2025-04-08 12:00:00,Meerut,42.01,6,1003,2.38,clear sky
2025-04-08 15:00:00,Meerut,34.79,9,1004,1.25,clear sky
2025-04-08 18:00:00,Meerut,31.9,12,1005,2.92,clear sky
2025-04-08 21:00:00,Meerut,27.86,26,1005,3.76,clear sky
2025-04-09 00:00:00,Meerut,26.52,36,1006,6.09,scattered clouds
2025-04-09 03:00:00,Meerut,29.87,33,1009,7.87,scattered clouds
2025-04-09 06:00:00,Meerut,36.33,22,1007,6.8,scattered clouds
2025-04-09 09:00:00,Meerut,40.35,15,1002,4.65,clear sky
2025-04-04 12:00:00,Rajkot,38.76,8,1009,4.24,clear sky
2025-04-04 15:00:00,Rajkot,36.27,15,1010,6.52,clear sky
2025-04-04 18:00:00,Rajkot,32.14,28,1011,6.03,clear sky
2025-04-04 21:00:00,Rajkot,27.08,47,1011,3.19,clear sky
2025-04-05 00:00:00,Rajkot,25.91,52,1011,3.41,clear sky
2025-04-05 03:00:00,Rajkot,28.33,39,1013,3.77,clear sky
2025-04-05 06:00:00,Rajkot,36.62,12,1012,4.77,clear sky
2025-04-05 09:00:00,Rajkot,39.48,9,1009,4.78,clear sky
2025-04-05 12:00:00,Rajkot,39.29,8,1007,5.17,clear sky
2025-04-05 15:00:00,Rajkot,32.56,19,1009,7.21,clear sky
2025-04-05 18:00:00,Rajkot,29.69,34,1010,6.11,clear sky
2025-04-05 21:00:00,Rajkot,27.88,42,1009,5.27,clear sky
2025-04-06 00:00:00,Rajkot,26.3,54,1009,4.24,clear sky
2025-04-06 03:00:00,Rajkot,29.25,39,1011,5.74,clear sky
2025-04-06 06:00:00,Rajkot,37.31,14,1011,7.08,clear sky
2025-04-06 09:00:00,Rajkot,40.47,10,1008,6.54,clear sky
2025-04-06 12:00:00,Rajkot,38.79,10,1007,8.42,clear sky
2025-04-06 15:00:00,Rajkot,31.17,22,1009,7.11,clear sky
2025-04-06 18:00:00,Rajkot,28.71,35,1010,6.78,clear sky
2025-04-06 21:00:00,Rajkot,27.5,38,1009,5.32,clear sky
2025-04-07 00:00:00,Rajkot,25.87,52,1010,5.25,clear sky
2025-04-07 03:00:00,Rajkot,28.62,39,1011,5.68,clear sky
2025-04-07 06:00:00,Rajkot,37.31,11,1010,6.29,clear sky
2025-04-07 09:00:00,Rajkot,40.33,9,1007,6.69,clear sky
2025-04-07 12:00:00,Rajkot,38.69,8,1007,7,clear sky
2025-04-07 15:00:00,Rajkot,31.87,18,1009,5.97,clear sky
2025-04-07 18:00:00,Rajkot,28.55,38,1010,5.79,clear sky
2025-04-07 21:00:00,Rajkot,27.13,43,1008,4,clear sky
2025-04-08 00:00:00,Rajkot,25.61,56,1009,5.21,clear sky
2025-04-08 03:00:00,Rajkot,28.19,45,1011,5.5,clear sky
2025-04-08 06:00:00,Rajkot,38.3,11,1010,5.54,clear sky
2025-04-08 09:00:00,Rajkot,42.07,6,1007,5.46,clear sky
2025-04-08 12:00:00,Rajkot,40.98,6,1006,7.23,clear sky
2025-04-08 15:00:00,Rajkot,32.24,27,1008,7.17,clear sky
2025-04-08 18:00:00,Rajkot,29.2,40,1010,5.04,clear sky
2025-04-08 21:00:00,Rajkot,26.94,56,1008,4.88,clear sky
2025-04-09 00:00:00,Rajkot,26.06,57,1008,4.57,clear sky
2025-04-09 03:00:00,Rajkot,28.95,43,1010,4.8,clear sky
2025-04-09 06:00:00,Rajkot,37.53,14,1010,5.19,clear sky
2025-04-09 09:00:00,Rajkot,41.39,9,1006,6.07,clear sky
2025-04-04 12:00:00,Varanasi,38.1,11,1004,4.36,scattered clouds
2025-04-04 15:00:00,Varanasi,35.89,13,1005,1.41,scattered clouds
2025-04-04 18:00:00,Varanasi,31.84,14,1006,1.58,scattered clouds
2025-04-04 21:00:00,Varanasi,26.86,14,1005,1.11,clear sky
2025-04-05 00:00:00,Varanasi,25.49,16,1006,1.83,clear sky
2025-04-05 03:00:00,Varanasi,33.73,10,1008,3.25,clear sky
2025-04-05 06:00:00,Varanasi,40.37,6,1007,4.03,clear sky
2025-04-05 09:00:00,Varanasi,41.81,6,1003,6.24,clear sky
2025-04-05 12:00:00,Varanasi,39.32,6,1002,4.87,clear sky
2025-04-05 15:00:00,Varanasi,31.89,8,1004,4.25,clear sky
2025-04-05 18:00:00,Varanasi,28.67,10,1004,3.14,clear sky
2025-04-05 21:00:00,Varanasi,26.28,12,1004,2.51,clear sky
2025-04-06 00:00:00,Varanasi,25.17,13,1005,2.77,clear sky
2025-04-06 03:00:00,Varanasi,33.9,8,1007,2.71,clear sky
2025-04-06 06:00:00,Varanasi,40.64,7,1006,3.39,clear sky
2025-04-06 09:00:00,Varanasi,42.39,6,1002,3.87,clear sky
2025-04-06 12:00:00,Varanasi,40.04,7,1002,2.42,clear sky
2025-04-06 15:00:00,Varanasi,32.44,10,1004,1.86,clear sky
2025-04-06 18:00:00,Varanasi,29.64,12,1004,1.54,clear sky
2025-04-06 21:00:00,Varanasi,28.67,13,1003,2.65,clear sky
2025-04-07 00:00:00,Varanasi,26.7,15,1005,2.41,clear sky
2025-04-07 03:00:00,Varanasi,34.49,9,1008,3.24,clear sky
2025-04-07 06:00:00,Varanasi,41.21,6,1006,3.7,clear sky
2025-04-07 09:00:00,Varanasi,43.15,5,1003,2.65,clear sky
2025-04-07 12:00:00,Varanasi,40.9,6,1002,2.6,clear sky
2025-04-07 15:00:00,Varanasi,33.05,14,1004,4.47,clear sky
2025-04-07 18:00:00,Varanasi,30.24,22,1006,4.26,clear sky
2025-04-07 21:00:00,Varanasi,28.49,29,1005,4.47,clear sky
2025-04-08 00:00:00,Varanasi,26.42,37,1007,3.41,clear sky
2025-04-08 03:00:00,Varanasi,34.35,25,1009,3.59,clear sky
2025-04-08 06:00:00,Varanasi,41.1,15,1008,4.2,clear sky
2025-04-08 09:00:00,Varanasi,43.06,10,1004,2.75,clear sky
2025-04-08 12:00:00,Varanasi,41.43,11,1002,2.27,clear sky
2025-04-08 15:00:00,Varanasi,30.7,30,1005,6.34,clear sky
2025-04-08 18:00:00,Varanasi,28.43,38,1009,9.35,clear sky
2025-04-08 21:00:00,Varanasi,26.61,49,1007,7.44,clear sky
2025-04-09 00:00:00,Varanasi,25.79,52,1008,5.95,clear sky
2025-04-09 03:00:00,Varanasi,31.49,37,1010,4.64,clear sky
2025-04-09 06:00:00,Varanasi,37.46,26,1007,4.14,few clouds
2025-04-09 09:00:00,Varanasi,40.74,19,1002,4.35,few clouds
2025-04-04 12:00:00,Srinagar,20.43,23,1014,1.98,clear sky
2025-04-04 15:00:00,Srinagar,18.42,27,1015,1.82,clear sky
2025-04-04 18:00:00,Srinagar,15.26,31,1017,2.1,scattered clouds
2025-04-04 21:00:00,Srinagar,10.27,38,1018,1.66,scattered clouds
2025-04-05 00:00:00,Srinagar,8.64,42,1019,1.47,few clouds
2025-04-05 03:00:00,Srinagar,12.35,36,1020,1.3,scattered clouds
2025-04-05 06:00:00,Srinagar,18.04,25,1017,2.39,few clouds
2025-04-05 09:00:00,Srinagar,21.89,20,1013,1.71,few clouds
2025-04-05 12:00:00,Srinagar,22,20,1011,1.73,few clouds
2025-04-05 15:00:00,Srinagar,15.08,29,1014,2.27,scattered clouds
2025-04-05 18:00:00,Srinagar,13.34,29,1015,1.8,broken clouds
2025-04-05 21:00:00,Srinagar,11.26,33,1017,1.75,scattered clouds
2025-04-06 00:00:00,Srinagar,9.49,38,1017,1.26,broken clouds
2025-04-06 03:00:00,Srinagar,13.64,33,1018,1.38,scattered clouds
2025-04-06 06:00:00,Srinagar,19.1,24,1016,1.78,broken clouds
2025-04-06 09:00:00,Srinagar,23.53,19,1011,2.17,overcast clouds
2025-04-06 12:00:00,Srinagar,23.29,24,1010,1.74,overcast clouds
2025-04-06 15:00:00,Srinagar,17.21,28,1014,1.83,overcast clouds
2025-04-06 18:00:00,Srinagar,15,30,1016,1.97,broken clouds
2025-04-06 21:00:00,Srinagar,12.81,33,1017,1.93,clear sky
2025-04-07 00:00:00,Srinagar,11.15,37,1018,1.05,clear sky
2025-04-07 03:00:00,Srinagar,14.98,34,1019,1.65,clear sky
2025-04-07 06:00:00,Srinagar,20.81,26,1016,2.01,scattered clouds
2025-04-07 09:00:00,Srinagar,24.57,22,1012,1.87,overcast clouds
2025-04-07 12:00:00,Srinagar,22.93,31,1012,2.56,light rain
2025-04-07 15:00:00,Srinagar,17.23,49,1016,1.44,light rain
2025-04-07 18:00:00,Srinagar,15.99,47,1017,1.85,broken clouds
2025-04-07 21:00:00,Srinagar,14.36,50,1018,1.2,few clouds
2025-04-08 00:00:00,Srinagar,12.83,53,1019,1,clear sky
2025-04-08 03:00:00,Srinagar,17.09,43,1020,1.45,clear sky
2025-04-08 06:00:00,Srinagar,22.7,31,1018,1.13,clear sky
2025-04-08 09:00:00,Srinagar,27.26,22,1013,2.49,clear sky
2025-04-08 12:00:00,Srinagar,26.15,27,1012,0.77,light rain
2025-04-08 15:00:00,Srinagar,17.95,54,1017,2.9,light rain
2025-04-08 18:00:00,Srinagar,15.41,65,1019,0.97,light rain
2025-04-08 21:00:00,Srinagar,14.22,72,1019,3.14,light rain
2025-04-09 00:00:00,Srinagar,13.98,68,1017,0.84,light rain
2025-04-09 03:00:00,Srinagar,16.64,60,1018,1.2,light rain
2025-04-09 06:00:00,Srinagar,20.8,47,1015,2.03,overcast clouds
2025-04-09 09:00:00,Srinagar,16.71,70,1016,4.05,light rain
2025-04-04 12:00:00,Aurangabad,34.75,14,1009,5.14,clear sky
2025-04-04 15:00:00,Aurangabad,33.49,16,1010,4.71,clear sky
2025-04-04 18:00:00,Aurangabad,31.28,18,1011,3.18,clear sky
2025-04-04 21:00:00,Aurangabad,28.34,20,1010,2.81,scattered clouds
2025-04-05 00:00:00,Aurangabad,26.86,21,1011,3.23,few clouds
2025-04-05 03:00:00,Aurangabad,32.33,13,1012,6.56,clear sky
2025-04-05 06:00:00,Aurangabad,36.23,8,1012,5.06,clear sky
2025-04-05 09:00:00,Aurangabad,37.45,8,1008,4.45,clear sky
2025-04-05 12:00:00,Aurangabad,36.65,8,1007,4.81,clear sky
2025-04-05 15:00:00,Aurangabad,32.08,11,1009,4.02,clear sky
2025-04-05 18:00:00,Aurangabad,30.24,11,1010,3.49,clear sky
2025-04-05 21:00:00,Aurangabad,28.02,14,1008,3.52,clear sky
2025-04-06 00:00:00,Aurangabad,27.42,16,1009,5.4,clear sky
2025-04-06 03:00:00,Aurangabad,32.55,13,1011,6.84,clear sky
2025-04-06 06:00:00,Aurangabad,37.18,9,1010,6.37,clear sky
2025-04-06 09:00:00,Aurangabad,38.67,7,1007,4.84,clear sky
2025-04-06 12:00:00,Aurangabad,37.59,8,1006,5.3,clear sky
2025-04-06 15:00:00,Aurangabad,32.9,11,1008,3.33,clear sky
2025-04-06 18:00:00,Aurangabad,31.45,12,1009,2.6,clear sky
2025-04-06 21:00:00,Aurangabad,28.76,16,1008,3.4,clear sky
2025-04-07 00:00:00,Aurangabad,26.58,19,1009,3.58,clear sky
2025-04-07 03:00:00,Aurangabad,32.04,16,1011,9.1,clear sky
2025-04-07 06:00:00,Aurangabad,37.85,10,1010,7.88,clear sky
2025-04-07 09:00:00,Aurangabad,39.64,7,1006,5.58,clear sky
2025-04-07 12:00:00,Aurangabad,38.33,7,1006,5.79,clear sky
2025-04-07 15:00:00,Aurangabad,33.75,10,1008,4.22,clear sky
2025-04-07 18:00:00,Aurangabad,32.13,11,1008,3.4,clear sky
2025-04-07 21:00:00,Aurangabad,29.59,13,1007,4.69,clear sky
2025-04-08 00:00:00,Aurangabad,27.96,15,1009,3.38,clear sky
2025-04-08 03:00:00,Aurangabad,32.17,12,1012,1.48,clear sky
2025-04-08 06:00:00,Aurangabad,37.26,9,1010,2.13,clear sky
2025-04-08 09:00:00,Aurangabad,40.15,7,1007,6.11,clear sky
2025-04-08 12:00:00,Aurangabad,39.29,7,1005,3.28,few clouds
2025-04-08 15:00:00,Aurangabad,34.08,10,1007,2.96,broken clouds
2025-04-08 18:00:00,Aurangabad,32.52,10,1008,2.81,scattered clouds
2025-04-08 21:00:00,Aurangabad,30.68,12,1006,4.49,scattered clouds
2025-04-09 00:00:00,Aurangabad,26.2,21,1009,1.87,broken clouds
2025-04-09 03:00:00,Aurangabad,30.02,21,1011,2.75,broken clouds
2025-04-09 06:00:00,Aurangabad,37.74,10,1009,4.61,scattered clouds
2025-04-09 09:00:00,Aurangabad,39.99,8,1005,6.88,clear sky
2025-04-04 12:00:00,Amritsar,34.89,10,1007,5.58,clear sky
2025-04-04 15:00:00,Amritsar,31.57,14,1008,3.89,clear sky
2025-04-04 18:00:00,Amritsar,26.43,20,1008,2.88,clear sky
2025-04-04 21:00:00,Amritsar,19.67,27,1008,1.69,clear sky
2025-04-05 00:00:00,Amritsar,17.38,32,1008,1.79,clear sky
2025-04-05 03:00:00,Amritsar,26.38,18,1009,2.22,clear sky
2025-04-05 06:00:00,Amritsar,35.33,11,1008,2.79,clear sky
2025-04-05 09:00:00,Amritsar,38.27,8,1005,3.83,clear sky
2025-04-05 12:00:00,Amritsar,37.16,8,1004,4.02,clear sky
2025-04-05 15:00:00,Amritsar,27.49,14,1005,2.65,few clouds
2025-04-05 18:00:00,Amritsar,23.82,18,1006,2.55,scattered clouds
2025-04-05 21:00:00,Amritsar,21.36,22,1005,0.94,few clouds
2025-04-06 00:00:00,Amritsar,21.05,23,1005,1.9,few clouds
2025-04-06 03:00:00,Amritsar,29.35,15,1006,1.29,few clouds
2025-04-06 06:00:00,Amritsar,37.84,8,1006,2.46,clear sky
2025-04-06 09:00:00,Amritsar,40.42,6,1003,3.89,scattered clouds
2025-04-06 12:00:00,Amritsar,39.01,7,1002,3.59,scattered clouds
2025-04-06 15:00:00,Amritsar,28.35,14,1004,2.44,broken clouds
2025-04-06 18:00:00,Amritsar,26.56,17,1005,2.59,scattered clouds
2025-04-06 21:00:00,Amritsar,23.87,20,1004,1.99,clear sky
2025-04-07 00:00:00,Amritsar,22.34,24,1005,2.42,clear sky
2025-04-07 03:00:00,Amritsar,31.15,14,1007,2,clear sky
2025-04-07 06:00:00,Amritsar,41.69,7,1006,1.13,clear sky
2025-04-07 09:00:00,Amritsar,42.46,7,1003,2.76,few clouds
2025-04-07 12:00:00,Amritsar,40.82,8,1003,4.86,broken clouds
2025-04-07 15:00:00,Amritsar,31.64,14,1005,1.9,scattered clouds
2025-04-07 18:00:00,Amritsar,28.59,14,1005,3.31,few clouds
2025-04-07 21:00:00,Amritsar,26.54,16,1005,2.43,few clouds
2025-04-08 00:00:00,Amritsar,25.08,18,1006,2.32,few clouds
2025-04-08 03:00:00,Amritsar,33.35,11,1008,2.63,clear sky
2025-04-08 06:00:00,Amritsar,41.95,6,1007,3.45,clear sky
2025-04-08 09:00:00,Amritsar,45.56,6,1004,0.76,few clouds
2025-04-08 12:00:00,Amritsar,42.96,6,1002,1.54,few clouds
2025-04-08 15:00:00,Amritsar,32,11,1004,2.33,few clouds
2025-04-08 18:00:00,Amritsar,29.27,14,1005,3.76,few clouds
2025-04-08 21:00:00,Amritsar,27.28,15,1003,3.67,few clouds
2025-04-09 00:00:00,Amritsar,25.78,15,1003,3.59,scattered clouds
2025-04-09 03:00:00,Amritsar,33.35,13,1005,7.02,broken clouds
2025-04-09 06:00:00,Amritsar,40.95,8,1004,7.12,scattered clouds
2025-04-09 09:00:00,Amritsar,43.59,7,1000,5.06,scattered clouds
2025-04-04 12:00:00,Allahabad,38.57,11,1004,4.72,few clouds
2025-04-04 15:00:00,Allahabad,36.32,12,1005,2.69,few clouds
2025-04-04 18:00:00,Allahabad,32.3,13,1006,1.41,few clouds
2025-04-04 21:00:00,Allahabad,27.72,13,1006,0.64,clear sky
2025-04-05 00:00:00,Allahabad,26.06,15,1007,2.14,clear sky
2025-04-05 03:00:00,Allahabad,32.99,10,1008,2.75,clear sky
2025-04-05 06:00:00,Allahabad,39.64,6,1007,3.74,clear sky
2025-04-05 09:00:00,Allahabad,41.36,5,1003,5.63,clear sky
2025-04-05 12:00:00,Allahabad,39.47,5,1002,5.07,clear sky
2025-04-05 15:00:00,Allahabad,32.9,8,1004,3.63,clear sky
2025-04-05 18:00:00,Allahabad,30.17,9,1004,2.72,clear sky
2025-04-05 21:00:00,Allahabad,28.01,11,1004,2.96,clear sky
2025-04-06 00:00:00,Allahabad,26.59,14,1005,2.43,clear sky
2025-04-06 03:00:00,Allahabad,33.59,10,1007,2.2,clear sky
2025-04-06 06:00:00,Allahabad,40.36,7,1006,3.54,clear sky
2025-04-06 09:00:00,Allahabad,42.26,6,1002,4.15,clear sky
2025-04-06 12:00:00,Allahabad,40.48,7,1002,3.36,clear sky
2025-04-06 15:00:00,Allahabad,33.92,9,1004,2.25,clear sky
2025-04-06 18:00:00,Allahabad,31.4,11,1004,1.57,clear sky
2025-04-06 21:00:00,Allahabad,30.02,11,1003,2.07,clear sky
2025-04-07 00:00:00,Allahabad,27.47,13,1005,1.15,clear sky
2025-04-07 03:00:00,Allahabad,35.14,8,1007,2.04,clear sky
2025-04-07 06:00:00,Allahabad,41.76,6,1006,1.8,clear sky
2025-04-07 09:00:00,Allahabad,43.54,5,1003,0.97,clear sky
2025-04-07 12:00:00,Allahabad,41.45,5,1002,0.42,clear sky
2025-04-07 15:00:00,Allahabad,34.48,8,1004,3.19,clear sky
2025-04-07 18:00:00,Allahabad,31.4,16,1005,4.26,clear sky
2025-04-07 21:00:00,Allahabad,29.45,23,1005,3.69,clear sky
2025-04-08 00:00:00,Allahabad,27.97,30,1006,3.46,clear sky
2025-04-08 03:00:00,Allahabad,34.53,20,1009,2.97,clear sky
2025-04-08 06:00:00,Allahabad,41.37,13,1008,3.66,clear sky
2025-04-08 09:00:00,Allahabad,43.49,8,1004,2.88,clear sky
2025-04-08 12:00:00,Allahabad,41.86,8,1002,0.06,clear sky
2025-04-08 15:00:00,Allahabad,33.3,23,1006,8.83,clear sky
2025-04-08 18:00:00,Allahabad,29.14,37,1007,9.12,few clouds
2025-04-08 21:00:00,Allahabad,26.99,41,1006,7.16,clear sky
2025-04-09 00:00:00,Allahabad,25.96,49,1006,6.42,clear sky
2025-04-09 03:00:00,Allahabad,31.73,36,1009,4.83,clear sky
2025-04-09 06:00:00,Allahabad,38.48,20,1006,3.01,scattered clouds
2025-04-09 09:00:00,Allahabad,41.8,15,1001,4.27,few clouds
2025-04-04 12:00:00,Ranchi,31.57,24,1007,1.66,light rain
2025-04-04 15:00:00,Ranchi,29.65,31,1008,2.28,overcast clouds
2025-04-04 18:00:00,Ranchi,27.84,35,1009,3.57,broken clouds
2025-04-04 21:00:00,Ranchi,24.46,42,1008,4.48,few clouds
2025-04-05 00:00:00,Ranchi,23.49,44,1009,4.58,scattered clouds
2025-04-05 03:00:00,Ranchi,31.29,26,1010,5.48,clear sky
2025-04-05 06:00:00,Ranchi,36.21,9,1009,4.29,clear sky
2025-04-05 09:00:00,Ranchi,37.52,7,1005,5.98,clear sky
2025-04-05 12:00:00,Ranchi,35.17,8,1004,5.01,clear sky
2025-04-05 15:00:00,Ranchi,29.5,11,1007,1.66,clear sky
2025-04-05 18:00:00,Ranchi,28.32,11,1007,0.98,clear sky
2025-04-05 21:00:00,Ranchi,26.53,13,1006,2.21,scattered clouds
2025-04-06 00:00:00,Ranchi,24.57,12,1008,2.82,scattered clouds
2025-04-06 03:00:00,Ranchi,32.32,15,1009,2.74,clear sky
2025-04-06 06:00:00,Ranchi,37.13,7,1007,2.52,clear sky
2025-04-06 09:00:00,Ranchi,38.09,5,1004,3.38,clear sky
2025-04-06 12:00:00,Ranchi,35.95,6,1004,4.11,clear sky
2025-04-06 15:00:00,Ranchi,30.31,10,1006,1.86,clear sky
2025-04-06 18:00:00,Ranchi,28.14,10,1007,2.26,clear sky
2025-04-06 21:00:00,Ranchi,25.14,25,1007,2.5,clear sky
2025-04-07 00:00:00,Ranchi,23.04,63,1009,3.59,clear sky
2025-04-07 03:00:00,Ranchi,31.57,29,1010,5.31,clear sky
2025-04-07 06:00:00,Ranchi,37.56,12,1008,4.25,clear sky
2025-04-07 09:00:00,Ranchi,38.68,9,1005,2.48,clear sky
2025-04-07 12:00:00,Ranchi,36.73,9,1004,1.82,clear sky
2025-04-07 15:00:00,Ranchi,25.32,54,1009,4.94,few clouds
2025-04-07 18:00:00,Ranchi,24.38,56,1010,4.07,few clouds
2025-04-07 21:00:00,Ranchi,23.61,56,1010,4.72,light rain
2025-04-08 00:00:00,Ranchi,21.63,81,1012,4.36,clear sky
2025-04-08 03:00:00,Ranchi,28.78,41,1013,7.98,clear sky
2025-04-08 06:00:00,Ranchi,34.86,23,1012,6.37,clear sky
2025-04-08 09:00:00,Ranchi,37.06,18,1007,5.18,clear sky
2025-04-08 12:00:00,Ranchi,26.01,47,1011,2.93,light rain
2025-04-08 15:00:00,Ranchi,23.19,61,1011,13,moderate rain
2025-04-08 18:00:00,Ranchi,22.65,61,1012,7.31,overcast clouds
2025-04-08 21:00:00,Ranchi,21.92,78,1011,5.07,light rain
2025-04-09 00:00:00,Ranchi,21.35,83,1011,4.08,broken clouds
2025-04-09 03:00:00,Ranchi,26.04,59,1012,4.75,broken clouds
2025-04-09 06:00:00,Ranchi,31.66,37,1011,3.78,scattered clouds
2025-04-09 09:00:00,Ranchi,33.53,30,1004,3.99,scattered clouds
2025-04-04 12:00:00,Howrah,33.5,36,1006,6.5,overcast clouds
2025-04-04 15:00:00,Howrah,32.15,41,1007,5.35,overcast clouds
2025-04-04 18:00:00,Howrah,29.85,51,1008,4.8,overcast clouds
2025-04-04 21:00:00,Howrah,27.11,65,1007,4.67,overcast clouds
2025-04-05 00:00:00,Howrah,25.62,70,1008,3.44,broken clouds
2025-04-05 03:00:00,Howrah,33.56,41,1009,4.99,clear sky
2025-04-05 06:00:00,Howrah,40.26,17,1007,3.18,clear sky
2025-04-05 09:00:00,Howrah,37.91,24,1003,5.87,broken clouds
2025-04-05 12:00:00,Howrah,31.92,53,1004,7.78,broken clouds
2025-04-05 15:00:00,Howrah,28.53,76,1007,7.09,clear sky
2025-04-05 18:00:00,Howrah,27.64,80,1007,6.84,clear sky
2025-04-05 21:00:00,Howrah,26.91,82,1006,5.99,clear sky
2025-04-06 00:00:00,Howrah,26.47,84,1007,5.07,clear sky
2025-04-06 03:00:00,Howrah,33,47,1009,5.48,few clouds
2025-04-06 06:00:00,Howrah,37.4,34,1007,7.65,clear sky
2025-04-06 09:00:00,Howrah,37.13,34,1005,8.3,clear sky
2025-04-06 12:00:00,Howrah,32.12,51,1004,7.6,scattered clouds
2025-04-06 15:00:00,Howrah,28.52,74,1007,6.33,clear sky
2025-04-06 18:00:00,Howrah,28.42,75,1009,6.48,few clouds
2025-04-06 21:00:00,Howrah,27.19,83,1008,4.78,broken clouds
2025-04-07 00:00:00,Howrah,26.71,83,1010,5.13,scattered clouds
2025-04-07 03:00:00,Howrah,32,54,1011,7.38,clear sky
2025-04-07 06:00:00,Howrah,36.32,36,1010,6.84,clear sky
2025-04-07 09:00:00,Howrah,36.66,32,1007,6.57,scattered clouds
2025-04-07 12:00:00,Howrah,32.69,44,1007,6.9,scattered clouds
2025-04-07 15:00:00,Howrah,28.58,67,1010,8.23,overcast clouds
2025-04-07 18:00:00,Howrah,27.14,76,1011,3.55,overcast clouds
2025-04-07 21:00:00,Howrah,26.65,81,1011,3.93,overcast clouds
2025-04-08 00:00:00,Howrah,26.15,84,1012,3.37,broken clouds
2025-04-08 03:00:00,Howrah,31.85,56,1014,5.75,few clouds
2025-04-08 06:00:00,Howrah,37.07,33,1013,6.36,few clouds
2025-04-08 09:00:00,Howrah,36.83,31,1009,8.59,few clouds
2025-04-08 12:00:00,Howrah,30.96,52,1008,8.98,few clouds
2025-04-08 15:00:00,Howrah,27.73,69,1012,6.58,clear sky
2025-04-08 18:00:00,Howrah,27.24,72,1013,5.3,scattered clouds
2025-04-08 21:00:00,Howrah,26.14,74,1010,3.97,broken clouds
2025-04-09 00:00:00,Howrah,25.06,79,1012,2.33,scattered clouds
2025-04-09 03:00:00,Howrah,30.16,56,1012,2.67,scattered clouds
2025-04-09 06:00:00,Howrah,35.08,36,1010,3.02,scattered clouds
2025-04-09 09:00:00,Howrah,35.03,36,1006,8.31,broken clouds
2025-04-04 12:00:00,Coimbatore,33.04,37,1007,2.75,overcast clouds
2025-04-04 15:00:00,Coimbatore,31.33,47,1008,4.52,light rain
2025-04-04 18:00:00,Coimbatore,28.65,60,1010,0.97,light rain
2025-04-04 21:00:00,Coimbatore,25.65,75,1011,1.53,moderate rain
2025-04-05 00:00:00,Coimbatore,24.72,81,1011,1.96,moderate rain
2025-04-05 03:00:00,Coimbatore,25.96,73,1013,1.61,overcast clouds
2025-04-05 06:00:00,Coimbatore,30.26,56,1012,1.34,overcast clouds
2025-04-05 09:00:00,Coimbatore,32.87,46,1008,1.82,light rain
2025-04-05 12:00:00,Coimbatore,28.35,64,1009,4.73,light rain
2025-04-05 15:00:00,Coimbatore,26.62,70,1011,0.7,light rain
2025-04-05 18:00:00,Coimbatore,25.75,79,1012,2.81,light rain
2025-04-05 21:00:00,Coimbatore,24.86,83,1010,2.21,light rain
2025-04-06 00:00:00,Coimbatore,24.98,79,1011,0.53,light rain
2025-04-06 03:00:00,Coimbatore,25.52,73,1012,1.69,overcast clouds
2025-04-06 06:00:00,Coimbatore,27.16,69,1011,2.41,overcast clouds
2025-04-06 09:00:00,Coimbatore,30.75,52,1008,3.37,overcast clouds
2025-04-06 12:00:00,Coimbatore,31.26,51,1007,1.24,light rain
2025-04-06 15:00:00,Coimbatore,24.72,80,1011,1.71,light rain
2025-04-06 18:00:00,Coimbatore,24.2,83,1012,1.72,light rain
2025-04-06 21:00:00,Coimbatore,24.37,81,1010,0.61,overcast clouds
2025-04-07 00:00:00,Coimbatore,23.62,81,1010,2.6,broken clouds
2025-04-07 03:00:00,Coimbatore,27.39,66,1011,2.54,few clouds
2025-04-07 06:00:00,Coimbatore,32.88,42,1009,0.71,few clouds
2025-04-07 09:00:00,Coimbatore,35.55,31,1006,2.44,clear sky
2025-04-07 12:00:00,Coimbatore,35.4,29,1005,2.01,clear sky
2025-04-07 15:00:00,Coimbatore,27.59,71,1008,4.66,clear sky
2025-04-07 18:00:00,Coimbatore,25.61,83,1010,4.38,clear sky
2025-04-07 21:00:00,Coimbatore,24.88,82,1009,1.21,light rain
2025-04-08 00:00:00,Coimbatore,24.17,83,1011,0.69,light rain
2025-04-08 03:00:00,Coimbatore,27.26,70,1013,2.04,light rain
2025-04-08 06:00:00,Coimbatore,32.19,49,1011,2.61,scattered clouds
2025-04-08 09:00:00,Coimbatore,35.34,33,1007,2.81,few clouds
2025-04-08 12:00:00,Coimbatore,35.4,29,1006,1.33,scattered clouds
2025-04-08 15:00:00,Coimbatore,27.03,72,1010,4.93,few clouds
2025-04-08 18:00:00,Coimbatore,25.72,83,1011,4.28,light rain
2025-04-08 21:00:00,Coimbatore,25.24,81,1010,2.44,light rain
2025-04-09 00:00:00,Coimbatore,24.84,82,1011,1.79,light rain
2025-04-09 03:00:00,Coimbatore,26.62,72,1013,1.52,light rain
2025-04-09 06:00:00,Coimbatore,31.94,49,1011,1.03,overcast clouds
2025-04-09 09:00:00,Coimbatore,35.21,35,1006,2.16,broken clouds
2025-04-04 12:00:00,Jabalpur,36.85,9,1006,3.63,clear sky
2025-04-04 15:00:00,Jabalpur,35,10,1007,1.38,clear sky
2025-04-04 18:00:00,Jabalpur,31.23,13,1008,0.2,clear sky
2025-04-04 21:00:00,Jabalpur,26.45,16,1008,2.57,clear sky
2025-04-05 00:00:00,Jabalpur,24.85,19,1009,1.86,clear sky
2025-04-05 03:00:00,Jabalpur,31.17,13,1011,3.08,clear sky
2025-04-05 06:00:00,Jabalpur,38.07,7,1009,4.32,clear sky
2025-04-05 09:00:00,Jabalpur,39.72,6,1005,5.64,clear sky
2025-04-05 12:00:00,Jabalpur,38.29,6,1004,4.97,clear sky
2025-04-05 15:00:00,Jabalpur,31.59,9,1006,2.6,clear sky
2025-04-05 18:00:00,Jabalpur,28.63,11,1007,0.83,clear sky
2025-04-05 21:00:00,Jabalpur,26.69,13,1007,2.82,clear sky
2025-04-06 00:00:00,Jabalpur,25.35,15,1008,0.92,clear sky
2025-04-06 03:00:00,Jabalpur,32.48,10,1009,2.39,clear sky
2025-04-06 06:00:00,Jabalpur,39.05,7,1008,3.51,clear sky
2025-04-06 09:00:00,Jabalpur,40.7,6,1004,4.98,clear sky
2025-04-06 12:00:00,Jabalpur,39.28,6,1004,5.27,clear sky
2025-04-06 15:00:00,Jabalpur,33.41,9,1006,1.85,clear sky
2025-04-06 18:00:00,Jabalpur,30.87,11,1006,1.28,clear sky
2025-04-06 21:00:00,Jabalpur,28.52,13,1005,0.91,clear sky
2025-04-07 00:00:00,Jabalpur,26.87,15,1007,1.37,clear sky
2025-04-07 03:00:00,Jabalpur,33.83,10,1009,2.6,clear sky
2025-04-07 06:00:00,Jabalpur,39.71,7,1007,3.53,clear sky
2025-04-07 09:00:00,Jabalpur,41.89,6,1004,3.14,clear sky
2025-04-07 12:00:00,Jabalpur,40.91,6,1003,2.98,clear sky
2025-04-07 15:00:00,Jabalpur,34.53,9,1005,1.04,clear sky
2025-04-07 18:00:00,Jabalpur,31.62,11,1006,1.21,clear sky
2025-04-07 21:00:00,Jabalpur,29.97,12,1005,1.06,clear sky
2025-04-08 00:00:00,Jabalpur,27.6,14,1006,1.05,clear sky
2025-04-08 03:00:00,Jabalpur,33.51,11,1009,5.32,clear sky
2025-04-08 06:00:00,Jabalpur,40.35,8,1008,3.27,clear sky
2025-04-08 09:00:00,Jabalpur,42.74,6,1004,1.95,clear sky
2025-04-08 12:00:00,Jabalpur,41.25,6,1003,2.4,clear sky
2025-04-08 15:00:00,Jabalpur,35.42,8,1005,1.85,clear sky
2025-04-08 18:00:00,Jabalpur,30.71,18,1006,3.27,few clouds
2025-04-08 21:00:00,Jabalpur,28.86,25,1005,3.76,scattered clouds
2025-04-09 00:00:00,Jabalpur,27.64,34,1007,7.49,broken clouds
2025-04-09 03:00:00,Jabalpur,31.51,34,1009,8.22,few clouds
2025-04-09 06:00:00,Jabalpur,39.13,17,1006,6.03,clear sky
2025-04-09 09:00:00,Jabalpur,41.55,9,1002,2.19,broken clouds
2025-04-04 12:00:00,Gwalior,38.31,6,1005,5.46,clear sky
2025-04-04 15:00:00,Gwalior,35.86,8,1006,0.94,clear sky
2025-04-04 18:00:00,Gwalior,31.83,11,1007,1.98,clear sky
2025-04-04 21:00:00,Gwalior,26.72,13,1007,1.94,clear sky
2025-04-05 00:00:00,Gwalior,24.54,13,1008,2.86,clear sky
2025-04-05 03:00:00,Gwalior,30.79,10,1010,3.13,clear sky
2025-04-05 06:00:00,Gwalior,37.53,7,1009,3.38,clear sky
2025-04-05 09:00:00,Gwalior,39.87,7,1005,4.78,clear sky
2025-04-05 12:00:00,Gwalior,38.6,7,1004,4.99,clear sky
2025-04-05 15:00:00,Gwalior,31.94,11,1005,2.88,clear sky
2025-04-05 18:00:00,Gwalior,30.05,13,1006,2.38,clear sky
2025-04-05 21:00:00,Gwalior,28.26,14,1005,2.46,clear sky
2025-04-06 00:00:00,Gwalior,26.68,16,1006,2.64,clear sky
2025-04-06 03:00:00,Gwalior,33.69,10,1007,3.32,clear sky
2025-04-06 06:00:00,Gwalior,39.64,7,1006,3.37,clear sky
2025-04-06 09:00:00,Gwalior,42.22,5,1003,4.55,clear sky
2025-04-06 12:00:00,Gwalior,40.99,6,1002,4.51,clear sky
2025-04-06 15:00:00,Gwalior,34.24,8,1003,1.34,clear sky
2025-04-06 18:00:00,Gwalior,31.96,10,1004,1.29,clear sky
2025-04-06 21:00:00,Gwalior,30.03,11,1004,1.53,clear sky
2025-04-07 00:00:00,Gwalior,28.62,12,1004,1.8,clear sky
2025-04-07 03:00:00,Gwalior,35.57,8,1007,2.4,clear sky
2025-04-07 06:00:00,Gwalior,41.45,6,1006,1.83,clear sky
2025-04-07 09:00:00,Gwalior,43.67,6,1002,3.26,clear sky
2025-04-07 12:00:00,Gwalior,42.37,6,1002,3.84,clear sky
2025-04-07 15:00:00,Gwalior,36.35,8,1004,1.68,clear sky
2025-04-07 18:00:00,Gwalior,32.29,10,1005,2.65,clear sky
2025-04-07 21:00:00,Gwalior,30.64,10,1005,3.23,clear sky
2025-04-08 00:00:00,Gwalior,29.15,11,1006,3.52,clear sky
2025-04-08 03:00:00,Gwalior,35.04,8,1008,3.19,clear sky
2025-04-08 06:00:00,Gwalior,42.48,5,1007,3.82,clear sky
2025-04-08 09:00:00,Gwalior,44.03,5,1004,3.17,clear sky
2025-04-08 12:00:00,Gwalior,43.03,5,1002,2.9,few clouds
2025-04-08 15:00:00,Gwalior,35.45,8,1004,0.87,broken clouds
2025-04-08 18:00:00,Gwalior,33.85,8,1005,1.4,scattered clouds
2025-04-08 21:00:00,Gwalior,30.11,28,1005,5.52,overcast clouds
2025-04-09 00:00:00,Gwalior,27.62,37,1005,4.54,broken clouds
2025-04-09 03:00:00,Gwalior,32.46,27,1007,2.79,broken clouds
2025-04-09 06:00:00,Gwalior,39.03,14,1006,1.84,scattered clouds
2025-04-09 09:00:00,Gwalior,42.93,9,1001,3.56,clear sky
2025-04-04 12:00:00,Vijayawada,37.26,29,1006,1.75,broken clouds
2025-04-04 15:00:00,Vijayawada,34.65,41,1008,4.41,light rain
2025-04-04 18:00:00,Vijayawada,31.33,56,1009,2.24,light rain
2025-04-04 21:00:00,Vijayawada,27.26,76,1009,2.09,few clouds
2025-04-05 00:00:00,Vijayawada,26.7,80,1010,0.61,few clouds
2025-04-05 03:00:00,Vijayawada,30.73,60,1012,2.36,scattered clouds
2025-04-05 06:00:00,Vijayawada,37.72,34,1010,1.83,scattered clouds
2025-04-05 09:00:00,Vijayawada,40,24,1005,2.14,overcast clouds
2025-04-05 12:00:00,Vijayawada,35.29,43,1005,7.05,overcast clouds
2025-04-05 15:00:00,Vijayawada,30.06,62,1008,3.28,few clouds
2025-04-05 18:00:00,Vijayawada,28.85,71,1009,3.17,scattered clouds
2025-04-05 21:00:00,Vijayawada,27.82,77,1007,2.4,broken clouds
2025-04-06 00:00:00,Vijayawada,27.34,79,1009,1.52,broken clouds
2025-04-06 03:00:00,Vijayawada,31.32,58,1010,3.23,overcast clouds
2025-04-06 06:00:00,Vijayawada,38.16,30,1008,3.09,overcast clouds
2025-04-06 09:00:00,Vijayawada,41.62,19,1004,2.78,scattered clouds
2025-04-06 12:00:00,Vijayawada,39.97,20,1003,4.38,scattered clouds
2025-04-06 15:00:00,Vijayawada,31.29,54,1007,4.38,scattered clouds
2025-04-06 18:00:00,Vijayawada,29.04,69,1008,4.02,scattered clouds
2025-04-06 21:00:00,Vijayawada,28.43,77,1007,3.9,overcast clouds
2025-04-07 00:00:00,Vijayawada,27.54,82,1008,2.33,broken clouds
2025-04-07 03:00:00,Vijayawada,31.9,59,1010,3.89,scattered clouds
2025-04-07 06:00:00,Vijayawada,37.87,34,1009,3.13,few clouds
2025-04-07 09:00:00,Vijayawada,41.42,22,1004,2.53,clear sky
2025-04-07 12:00:00,Vijayawada,36.52,39,1004,6.89,few clouds
2025-04-07 15:00:00,Vijayawada,25.29,75,1011,10,heavy intensity rain
2025-04-07 18:00:00,Vijayawada,29.19,41,1008,4.34,light rain
2025-04-07 21:00:00,Vijayawada,26.1,69,1008,3.4,overcast clouds
2025-04-08 00:00:00,Vijayawada,26.2,85,1010,2.64,overcast clouds
2025-04-08 03:00:00,Vijayawada,30.35,63,1012,4.65,scattered clouds
2025-04-08 06:00:00,Vijayawada,35.65,38,1011,3.42,few clouds
2025-04-08 09:00:00,Vijayawada,38.27,27,1007,5.94,clear sky
2025-04-08 12:00:00,Vijayawada,34.86,35,1007,5.7,clear sky
2025-04-08 15:00:00,Vijayawada,29.13,70,1011,5.58,scattered clouds
2025-04-08 18:00:00,Vijayawada,28.43,73,1011,3.39,broken clouds
2025-04-08 21:00:00,Vijayawada,27.03,78,1008,3.58,scattered clouds
2025-04-09 00:00:00,Vijayawada,26.32,82,1009,1.8,few clouds
2025-04-09 03:00:00,Vijayawada,30.29,63,1011,3.32,scattered clouds
2025-04-09 06:00:00,Vijayawada,36.25,39,1010,0.33,few clouds
2025-04-09 09:00:00,Vijayawada,38.24,31,1005,1.6,scattered clouds
2025-04-04 12:00:00,Madurai,33.58,41,1007,2.32,light rain
2025-04-04 15:00:00,Madurai,31.97,50,1009,4.8,moderate rain
2025-04-04 18:00:00,Madurai,29.03,65,1011,2.32,moderate rain
2025-04-04 21:00:00,Madurai,25.94,81,1011,1.14,moderate rain
2025-04-05 00:00:00,Madurai,25.97,82,1011,0.69,overcast clouds
2025-04-05 03:00:00,Madurai,27.64,70,1013,1.02,broken clouds
2025-04-05 06:00:00,Madurai,31.35,52,1012,1.61,broken clouds
2025-04-05 09:00:00,Madurai,34.24,42,1007,2.39,scattered clouds
2025-04-05 12:00:00,Madurai,34.17,41,1006,3.28,scattered clouds
2025-04-05 15:00:00,Madurai,27.85,71,1011,4.01,light rain
2025-04-05 18:00:00,Madurai,26.63,74,1011,2.85,light rain
2025-04-05 21:00:00,Madurai,26.86,72,1009,2.49,overcast clouds
2025-04-06 00:00:00,Madurai,26.99,72,1009,1.75,overcast clouds
2025-04-06 03:00:00,Madurai,28.64,64,1011,1.58,overcast clouds
2025-04-06 06:00:00,Madurai,30.56,56,1010,2.14,overcast clouds
2025-04-06 09:00:00,Madurai,32.26,48,1007,3.24,overcast clouds
2025-04-06 12:00:00,Madurai,30.17,55,1007,2.5,overcast clouds
2025-04-06 15:00:00,Madurai,28.23,60,1009,2.56,broken clouds
2025-04-06 18:00:00,Madurai,27.28,66,1010,2.63,broken clouds
2025-04-06 21:00:00,Madurai,26.76,67,1009,1.97,overcast clouds
2025-04-07 00:00:00,Madurai,26.72,66,1008,2.03,overcast clouds
2025-04-07 03:00:00,Madurai,27.87,62,1011,0.97,overcast clouds
2025-04-07 06:00:00,Madurai,32.89,43,1009,0.96,broken clouds
2025-04-07 09:00:00,Madurai,36.3,32,1005,1.97,broken clouds
2025-04-07 12:00:00,Madurai,36.39,31,1005,3.65,broken clouds
2025-04-07 15:00:00,Madurai,30.2,65,1008,5.93,overcast clouds
2025-04-07 18:00:00,Madurai,29.36,68,1010,2.76,overcast clouds
2025-04-07 21:00:00,Madurai,28.64,73,1009,1.71,broken clouds
2025-04-08 00:00:00,Madurai,27.66,78,1010,2.04,light rain
2025-04-08 03:00:00,Madurai,29.86,65,1012,2.48,light rain
2025-04-08 06:00:00,Madurai,33.7,44,1010,1.9,scattered clouds
2025-04-08 09:00:00,Madurai,37.08,30,1006,2.69,broken clouds
2025-04-08 12:00:00,Madurai,36.68,29,1006,4.99,broken clouds
2025-04-08 15:00:00,Madurai,30.89,60,1010,5.28,overcast clouds
2025-04-08 18:00:00,Madurai,29.51,65,1011,3.37,overcast clouds
2025-04-08 21:00:00,Madurai,28.56,69,1009,1.91,overcast clouds
2025-04-09 00:00:00,Madurai,26.94,76,1010,1.83,light rain
2025-04-09 03:00:00,Madurai,29.2,65,1012,1.15,light rain
2025-04-09 06:00:00,Madurai,32.69,50,1010,1.57,overcast clouds
2025-04-09 09:00:00,Madurai,36.53,33,1005,3.34,overcast clouds
2025-04-04 12:00:00,Kota,39,6,1006,3.34,clear sky
2025-04-04 15:00:00,Kota,36.87,8,1007,2.13,clear sky
2025-04-04 18:00:00,Kota,33.09,9,1008,3.29,clear sky
2025-04-04 21:00:00,Kota,27.25,13,1008,3.39,clear sky
2025-04-05 00:00:00,Kota,25.9,15,1009,2.85,clear sky
2025-04-05 03:00:00,Kota,30.53,11,1011,3.27,clear sky
2025-04-05 06:00:00,Kota,36.53,8,1010,1.71,clear sky
2025-04-05 09:00:00,Kota,39.49,7,1007,2.93,clear sky
2025-04-05 12:00:00,Kota,39.08,7,1005,4.84,clear sky
2025-04-05 15:00:00,Kota,33.63,10,1007,3.59,clear sky
2025-04-05 18:00:00,Kota,31.56,11,1007,3.04,clear sky
2025-04-05 21:00:00,Kota,30.25,11,1006,2.31,clear sky
2025-04-06 00:00:00,Kota,27.4,13,1007,2.25,clear sky
2025-04-06 03:00:00,Kota,32.55,12,1008,3.05,clear sky
2025-04-06 06:00:00,Kota,40.09,7,1007,4.39,clear sky
2025-04-06 09:00:00,Kota,43.11,5,1003,4.14,clear sky
2025-04-06 12:00:00,Kota,41.93,5,1003,5.45,clear sky
2025-04-06 15:00:00,Kota,35.06,9,1004,3.58,clear sky
2025-04-06 18:00:00,Kota,33.21,11,1005,3.75,clear sky
2025-04-06 21:00:00,Kota,31.28,12,1005,5.63,clear sky
2025-04-07 00:00:00,Kota,30.21,14,1005,6.4,clear sky
2025-04-07 03:00:00,Kota,34.19,11,1008,5.66,clear sky
2025-04-07 06:00:00,Kota,41.36,6,1007,4.34,clear sky
2025-04-07 09:00:00,Kota,43.78,6,1003,4.17,clear sky
2025-04-07 12:00:00,Kota,42.63,6,1002,4.8,clear sky
2025-04-07 15:00:00,Kota,36.17,9,1004,3.58,clear sky
2025-04-07 18:00:00,Kota,33.42,11,1006,2.76,clear sky
2025-04-07 21:00:00,Kota,30.88,13,1005,1.6,clear sky
2025-04-08 00:00:00,Kota,28.65,15,1007,1.02,clear sky
2025-04-08 03:00:00,Kota,33.39,13,1009,2.79,clear sky
2025-04-08 06:00:00,Kota,41.16,7,1008,3.66,clear sky
2025-04-08 09:00:00,Kota,43.49,6,1004,2.72,clear sky
2025-04-08 12:00:00,Kota,43.21,5,1003,4.02,few clouds
2025-04-08 15:00:00,Kota,36.18,10,1005,3.81,scattered clouds
2025-04-08 18:00:00,Kota,33.36,12,1006,2.34,scattered clouds
2025-04-08 21:00:00,Kota,31.5,13,1005,3.71,few clouds
2025-04-09 00:00:00,Kota,29.79,13,1005,4.18,few clouds
2025-04-09 03:00:00,Kota,34.35,15,1008,4.96,clear sky
2025-04-09 06:00:00,Kota,42.34,6,1006,5.01,clear sky
2025-04-09 09:00:00,Kota,44.39,5,1002,4.42,clear sky
2025-04-04 12:00:00,Chandigarh,34.38,7,1007,7.06,clear sky
2025-04-04 15:00:00,Chandigarh,31.36,10,1008,3.3,clear sky
2025-04-04 18:00:00,Chandigarh,28.11,13,1008,3.63,clear sky
2025-04-04 21:00:00,Chandigarh,22.75,17,1008,2.8,clear sky
2025-04-05 00:00:00,Chandigarh,21.24,19,1008,2.44,clear sky
2025-04-05 03:00:00,Chandigarh,28.76,14,1008,3.07,clear sky
2025-04-05 06:00:00,Chandigarh,34.99,10,1008,4.47,clear sky
2025-04-05 09:00:00,Chandigarh,37.29,7,1005,4.2,clear sky
2025-04-05 12:00:00,Chandigarh,36.1,7,1003,3.81,clear sky
2025-04-05 15:00:00,Chandigarh,26.8,15,1005,3.15,clear sky
2025-04-05 18:00:00,Chandigarh,26.16,16,1006,3.43,clear sky
2025-04-05 21:00:00,Chandigarh,25.48,17,1004,2.96,scattered clouds
2025-04-06 00:00:00,Chandigarh,23.15,20,1005,2.17,broken clouds
2025-04-06 03:00:00,Chandigarh,31.04,13,1006,1.43,broken clouds
2025-04-06 06:00:00,Chandigarh,38.56,7,1005,4.63,scattered clouds
2025-04-06 09:00:00,Chandigarh,40.25,6,1003,4.16,clear sky
2025-04-06 12:00:00,Chandigarh,38.73,6,1002,3.67,clear sky
2025-04-06 15:00:00,Chandigarh,29.93,12,1004,3.64,broken clouds
2025-04-06 18:00:00,Chandigarh,28.55,13,1005,2.77,broken clouds
2025-04-06 21:00:00,Chandigarh,27.27,13,1004,1.92,overcast clouds
2025-04-07 00:00:00,Chandigarh,26.16,14,1005,1.84,overcast clouds
2025-04-07 03:00:00,Chandigarh,33.54,9,1007,1.99,scattered clouds
2025-04-07 06:00:00,Chandigarh,40.29,7,1006,4.29,few clouds
2025-04-07 09:00:00,Chandigarh,41.74,6,1004,3.06,scattered clouds
2025-04-07 12:00:00,Chandigarh,40.65,7,1003,1.81,few clouds
2025-04-07 15:00:00,Chandigarh,31.08,12,1005,2.1,scattered clouds
2025-04-07 18:00:00,Chandigarh,29.51,13,1006,2.16,few clouds
2025-04-07 21:00:00,Chandigarh,27.79,14,1006,2.95,clear sky
2025-04-08 00:00:00,Chandigarh,27.04,15,1006,2.23,few clouds
2025-04-08 03:00:00,Chandigarh,33.97,10,1009,4.28,clear sky
2025-04-08 06:00:00,Chandigarh,40.66,6,1008,8.6,few clouds
2025-04-08 09:00:00,Chandigarh,42.27,6,1005,5.16,clear sky
2025-04-08 12:00:00,Chandigarh,40.89,6,1004,1.12,clear sky
2025-04-08 15:00:00,Chandigarh,32.29,11,1005,3.24,clear sky
2025-04-08 18:00:00,Chandigarh,30.04,13,1005,3.49,clear sky
2025-04-08 21:00:00,Chandigarh,26.79,16,1005,1.05,clear sky
2025-04-09 00:00:00,Chandigarh,25.51,20,1006,4.16,clear sky
2025-04-09 03:00:00,Chandigarh,32.68,21,1008,10.67,few clouds
2025-04-09 06:00:00,Chandigarh,37.65,17,1007,9.64,few clouds
2025-04-09 09:00:00,Chandigarh,40.65,13,1002,6.55,broken clouds
2025-04-04 12:00:00,Guwahati,35.18,9,1004,5.2,overcast clouds
2025-04-04 15:00:00,Guwahati,33.3,11,1005,2.09,overcast clouds
2025-04-04 18:00:00,Guwahati,30.24,16,1006,0.42,overcast clouds
2025-04-04 21:00:00,Guwahati,24.41,22,1006,0.44,scattered clouds
2025-04-05 00:00:00,Guwahati,22.94,24,1008,0.72,scattered clouds
2025-04-05 03:00:00,Guwahati,32.59,12,1009,1.44,clear sky
2025-04-05 06:00:00,Guwahati,38.19,12,1007,3.75,clear sky
2025-04-05 09:00:00,Guwahati,39.26,10,1002,5.65,scattered clouds
2025-04-05 12:00:00,Guwahati,33.07,21,1002,2.79,scattered clouds
2025-04-05 15:00:00,Guwahati,28.39,29,1005,2.73,few clouds
2025-04-05 18:00:00,Guwahati,25.76,33,1006,0.39,few clouds
2025-04-05 21:00:00,Guwahati,23.7,38,1006,0.56,clear sky
2025-04-06 00:00:00,Guwahati,23.64,40,1009,1.51,clear sky
2025-04-06 03:00:00,Guwahati,30.78,32,1011,1.87,light rain
2025-04-06 06:00:00,Guwahati,36.98,22,1008,1.92,light rain
2025-04-06 09:00:00,Guwahati,38.96,18,1003,3.43,clear sky
2025-04-06 12:00:00,Guwahati,28.22,44,1005,5.4,light rain
2025-04-06 15:00:00,Guwahati,26.66,44,1009,2.82,light rain
2025-04-06 18:00:00,Guwahati,25.44,51,1010,1.89,light rain
2025-04-06 21:00:00,Guwahati,23.1,62,1010,1.79,broken clouds
2025-04-07 00:00:00,Guwahati,22.63,66,1012,1.73,light rain
2025-04-07 03:00:00,Guwahati,30.11,40,1014,1.18,light rain
2025-04-07 06:00:00,Guwahati,36.35,25,1011,2.09,overcast clouds
2025-04-07 09:00:00,Guwahati,38.56,18,1006,2.91,broken clouds
2025-04-07 12:00:00,Guwahati,31.91,33,1007,4.84,scattered clouds
2025-04-07 15:00:00,Guwahati,27.33,42,1010,2.3,scattered clouds
2025-04-07 18:00:00,Guwahati,26.29,44,1011,1.43,broken clouds
2025-04-07 21:00:00,Guwahati,25.56,45,1011,2.09,overcast clouds
2025-04-08 00:00:00,Guwahati,25.21,47,1013,1.76,overcast clouds
2025-04-08 03:00:00,Guwahati,32.83,33,1015,3.35,overcast clouds
2025-04-08 06:00:00,Guwahati,37.5,26,1012,4.99,broken clouds
2025-04-08 09:00:00,Guwahati,35.74,32,1009,5.59,clear sky
2025-04-08 12:00:00,Guwahati,25.47,61,1010,7.26,light rain
2025-04-08 15:00:00,Guwahati,25.01,59,1011,0.78,overcast clouds
2025-04-08 18:00:00,Guwahati,24.33,61,1012,0.69,broken clouds
2025-04-08 21:00:00,Guwahati,22.43,81,1013,2.65,light rain
2025-04-09 00:00:00,Guwahati,22.22,85,1013,1.79,overcast clouds
2025-04-09 03:00:00,Guwahati,26.07,67,1014,2.18,overcast clouds
2025-04-09 06:00:00,Guwahati,32.76,38,1011,3.75,overcast clouds
2025-04-09 09:00:00,Guwahati,35.12,30,1006,6.82,overcast clouds
2025-04-04 12:00:00,Solapur,37.08,18,1006,1.29,few clouds
2025-04-04 15:00:00,Solapur,36.51,20,1007,7.18,scattered clouds
2025-04-04 18:00:00,Solapur,33.22,29,1009,0.17,light rain
2025-04-04 21:00:00,Solapur,32.25,31,1008,4.99,overcast clouds
2025-04-05 00:00:00,Solapur,30.78,36,1010,1.45,broken clouds
2025-04-05 03:00:00,Solapur,32.18,34,1012,2.3,clear sky
2025-04-05 06:00:00,Solapur,35.65,23,1011,1.66,few clouds
2025-04-05 09:00:00,Solapur,37.89,16,1007,1.02,broken clouds
2025-04-05 12:00:00,Solapur,38.07,15,1005,3.37,broken clouds
2025-04-05 15:00:00,Solapur,36.53,17,1008,5.44,broken clouds
2025-04-05 18:00:00,Solapur,31.7,33,1009,7.45,broken clouds
2025-04-05 21:00:00,Solapur,30.05,42,1008,6.45,scattered clouds
2025-04-06 00:00:00,Solapur,28.35,26,1008,5.25,few clouds
2025-04-06 03:00:00,Solapur,32.98,12,1011,4.73,clear sky
2025-04-06 06:00:00,Solapur,38.97,7,1009,5.83,clear sky
2025-04-06 09:00:00,Solapur,40.55,6,1005,5.14,clear sky
2025-04-06 12:00:00,Solapur,39.84,6,1004,3.91,clear sky
2025-04-06 15:00:00,Solapur,36.54,8,1006,2.05,clear sky
2025-04-06 18:00:00,Solapur,33.64,10,1007,4.65,scattered clouds
2025-04-06 21:00:00,Solapur,30.73,15,1006,1.51,clear sky
2025-04-07 00:00:00,Solapur,29.02,16,1008,3.73,clear sky
2025-04-07 03:00:00,Solapur,32.74,21,1010,4.54,clear sky
2025-04-07 06:00:00,Solapur,39.19,9,1009,7.87,clear sky
2025-04-07 09:00:00,Solapur,40.86,7,1005,5.49,clear sky
2025-04-07 12:00:00,Solapur,39.7,9,1004,7.09,clear sky
2025-04-07 15:00:00,Solapur,33.06,22,1007,7.24,clear sky
2025-04-07 18:00:00,Solapur,32.64,20,1008,3.13,few clouds
2025-04-07 21:00:00,Solapur,31.03,23,1008,5.13,overcast clouds
2025-04-08 00:00:00,Solapur,29.37,31,1009,4.2,broken clouds
2025-04-08 03:00:00,Solapur,33.24,26,1011,2.91,clear sky
2025-04-08 06:00:00,Solapur,37.72,18,1010,3.15,clear sky
2025-04-08 09:00:00,Solapur,39.82,12,1006,2.24,clear sky
2025-04-08 12:00:00,Solapur,39.54,11,1005,4.11,scattered clouds
2025-04-08 15:00:00,Solapur,35.48,19,1007,6.81,overcast clouds
2025-04-08 18:00:00,Solapur,32.7,26,1010,6.41,broken clouds
2025-04-08 21:00:00,Solapur,30.67,32,1009,4.03,broken clouds
2025-04-09 00:00:00,Solapur,29.76,32,1008,3.57,broken clouds
2025-04-09 03:00:00,Solapur,32.89,28,1011,5.07,scattered clouds
2025-04-09 06:00:00,Solapur,37.79,17,1009,4.83,scattered clouds
2025-04-09 09:00:00,Solapur,40.85,9,1004,4.18,clear sky
2025-04-04 12:00:00,Hubballi,33.59,27,1008,4.72,overcast clouds
2025-04-04 15:00:00,Hubballi,32.6,32,1009,3.29,light rain
2025-04-04 18:00:00,Hubballi,29.01,53,1011,5.14,broken clouds
2025-04-04 21:00:00,Hubballi,24.56,74,1010,3.86,few clouds
2025-04-05 00:00:00,Hubballi,24,75,1011,2.14,few clouds
2025-04-05 03:00:00,Hubballi,27.05,59,1013,1.45,few clouds
2025-04-05 06:00:00,Hubballi,33.25,34,1012,1.66,scattered clouds
2025-04-05 09:00:00,Hubballi,34.71,27,1007,4.56,light rain
2025-04-05 12:00:00,Hubballi,27.55,54,1010,7.09,light rain
2025-04-05 15:00:00,Hubballi,25.84,60,1012,3.16,light rain
2025-04-05 18:00:00,Hubballi,27.21,53,1011,4.14,overcast clouds
2025-04-05 21:00:00,Hubballi,24.67,70,1010,4.59,overcast clouds
2025-04-06 00:00:00,Hubballi,24.37,67,1011,4.19,overcast clouds
2025-04-06 03:00:00,Hubballi,27.42,52,1013,2.96,scattered clouds
2025-04-06 06:00:00,Hubballi,34.49,20,1010,2.66,scattered clouds
2025-04-06 09:00:00,Hubballi,37.45,15,1007,4.44,clear sky
2025-04-06 12:00:00,Hubballi,37.09,13,1006,4,few clouds
2025-04-06 15:00:00,Hubballi,27.8,56,1009,8.27,few clouds
2025-04-06 18:00:00,Hubballi,25.25,64,1010,5.89,few clouds
2025-04-06 21:00:00,Hubballi,23.56,71,1009,5.27,clear sky
2025-04-07 00:00:00,Hubballi,22.37,75,1010,3.18,clear sky
2025-04-07 03:00:00,Hubballi,26.19,53,1012,3.07,clear sky
2025-04-07 06:00:00,Hubballi,33.25,24,1010,1.97,clear sky
2025-04-07 09:00:00,Hubballi,37.63,13,1006,1.83,clear sky
2025-04-07 12:00:00,Hubballi,37.6,12,1005,2.37,clear sky
2025-04-07 15:00:00,Hubballi,30.74,39,1009,4.32,scattered clouds
2025-04-07 18:00:00,Hubballi,29.58,42,1011,0.45,broken clouds
2025-04-07 21:00:00,Hubballi,28.09,51,1008,2.43,scattered clouds
2025-04-08 00:00:00,Hubballi,26.31,59,1010,2.27,scattered clouds
2025-04-08 03:00:00,Hubballi,29.64,42,1012,3.44,clear sky
2025-04-08 06:00:00,Hubballi,35.14,22,1010,2.6,few clouds
2025-04-08 09:00:00,Hubballi,38.13,15,1007,3.4,scattered clouds
2025-04-08 12:00:00,Hubballi,36.64,17,1006,0.94,broken clouds
2025-04-08 15:00:00,Hubballi,30.34,41,1010,6.52,broken clouds
2025-04-08 18:00:00,Hubballi,29.73,39,1011,1.39,broken clouds
2025-04-08 21:00:00,Hubballi,28.3,42,1009,3.2,scattered clouds
2025-04-09 00:00:00,Hubballi,25.96,53,1010,3.42,scattered clouds
2025-04-09 03:00:00,Hubballi,28.94,42,1012,3.13,clear sky
2025-04-09 06:00:00,Hubballi,34.87,25,1010,3.77,clear sky
2025-04-09 09:00:00,Hubballi,38.23,16,1005,0.93,clear sky
2025-04-04 12:00:00,Moradabad,36.84,6,1005,5.08,clear sky
2025-04-04 15:00:00,Moradabad,33.97,8,1006,3.67,clear sky
2025-04-04 18:00:00,Moradabad,29.27,10,1006,3.78,clear sky
2025-04-04 21:00:00,Moradabad,23.68,14,1006,3.55,clear sky
2025-04-05 00:00:00,Moradabad,22.57,17,1006,3.87,clear sky
2025-04-05 03:00:00,Moradabad,29.87,12,1008,5.3,clear sky
2025-04-05 06:00:00,Moradabad,37.7,7,1007,6.95,clear sky
2025-04-05 09:00:00,Moradabad,39.44,5,1003,6.12,clear sky
2025-04-05 12:00:00,Moradabad,37.81,6,1002,5.85,clear sky
2025-04-05 15:00:00,Moradabad,29.66,11,1004,3.97,clear sky
2025-04-05 18:00:00,Moradabad,26.11,13,1005,3.67,clear sky
2025-04-05 21:00:00,Moradabad,24.31,15,1004,3.21,clear sky
2025-04-06 00:00:00,Moradabad,22.29,18,1004,2.38,clear sky
2025-04-06 03:00:00,Moradabad,30.16,11,1006,2.19,clear sky
2025-04-06 06:00:00,Moradabad,39.26,7,1005,1.63,clear sky
2025-04-06 09:00:00,Moradabad,42.17,5,1002,0.93,scattered clouds
2025-04-06 12:00:00,Moradabad,40.27,5,1002,1.88,few clouds
2025-04-06 15:00:00,Moradabad,31.63,9,1003,1.54,clear sky
2025-04-06 18:00:00,Moradabad,29.42,12,1004,2.15,clear sky
2025-04-06 21:00:00,Moradabad,26.4,11,1004,2.93,scattered clouds
2025-04-07 00:00:00,Moradabad,25,13,1005,2.65,few clouds
2025-04-07 03:00:00,Moradabad,32.82,8,1008,3.81,clear sky
2025-04-07 06:00:00,Moradabad,41.04,5,1007,4.55,scattered clouds
2025-04-07 09:00:00,Moradabad,42.94,5,1003,2.53,few clouds
2025-04-07 12:00:00,Moradabad,41.41,6,1003,1.31,scattered clouds
2025-04-07 15:00:00,Moradabad,32.83,9,1005,3.42,clear sky
2025-04-07 18:00:00,Moradabad,29.33,10,1006,2.86,clear sky
2025-04-07 21:00:00,Moradabad,26.82,12,1006,3.38,clear sky
2025-04-08 00:00:00,Moradabad,25.36,16,1008,3.4,few clouds
2025-04-08 03:00:00,Moradabad,33.06,17,1010,7.88,broken clouds
2025-04-08 06:00:00,Moradabad,40.17,14,1009,6.44,scattered clouds
2025-04-08 09:00:00,Moradabad,42.64,9,1005,3.83,clear sky
2025-04-08 12:00:00,Moradabad,41.48,8,1003,2.11,clear sky
2025-04-08 15:00:00,Moradabad,33.14,15,1005,4.21,scattered clouds
2025-04-08 18:00:00,Moradabad,27.76,28,1006,3.95,few clouds
2025-04-08 21:00:00,Moradabad,25.38,36,1006,3.03,few clouds
2025-04-09 00:00:00,Moradabad,25.02,42,1008,6.08,scattered clouds
2025-04-09 03:00:00,Moradabad,29.1,37,1010,9.12,scattered clouds
2025-04-09 06:00:00,Moradabad,36.4,24,1008,7.57,few clouds
2025-04-09 09:00:00,Moradabad,39.94,18,1003,5.72,clear sky
2025-04-04 12:00:00,Mysore,27.41,54,1009,5.38,overcast clouds
2025-04-04 15:00:00,Mysore,26.77,58,1010,0.87,light rain
2025-04-04 18:00:00,Mysore,26.02,62,1012,1.55,light rain
2025-04-04 21:00:00,Mysore,24.65,68,1011,0.63,light rain
2025-04-05 00:00:00,Mysore,22.46,78,1012,2.31,broken clouds
2025-04-05 03:00:00,Mysore,24.95,65,1014,3.54,broken clouds
2025-04-05 06:00:00,Mysore,30.22,45,1012,2.23,broken clouds
2025-04-05 09:00:00,Mysore,30.69,40,1009,1.25,light rain
2025-04-05 12:00:00,Mysore,27.34,58,1009,4.76,light rain
2025-04-05 15:00:00,Mysore,22.02,86,1012,5.6,moderate rain
2025-04-05 18:00:00,Mysore,23.53,78,1012,1.66,light rain
2025-04-05 21:00:00,Mysore,23.27,76,1011,1.32,light rain
2025-04-06 00:00:00,Mysore,22.37,81,1011,0.66,broken clouds
2025-04-06 03:00:00,Mysore,25.07,68,1013,1.72,scattered clouds
2025-04-06 06:00:00,Mysore,29.01,50,1012,2.11,broken clouds
2025-04-06 09:00:00,Mysore,32.4,37,1008,2.25,broken clouds
2025-04-06 12:00:00,Mysore,26.96,53,1008,9.08,light rain
2025-04-06 15:00:00,Mysore,24.78,66,1011,1.13,light rain
2025-04-06 18:00:00,Mysore,24.53,69,1012,0.69,overcast clouds
2025-04-06 21:00:00,Mysore,23.28,74,1010,2.28,scattered clouds
2025-04-07 00:00:00,Mysore,22.39,76,1011,2.41,scattered clouds
2025-04-07 03:00:00,Mysore,26.05,59,1013,2.18,scattered clouds
2025-04-07 06:00:00,Mysore,32.3,36,1010,1.59,few clouds
2025-04-07 09:00:00,Mysore,36.03,22,1006,1.51,clear sky
2025-04-07 12:00:00,Mysore,25.18,49,1008,4.41,light rain
2025-04-07 15:00:00,Mysore,30.63,26,1008,1.92,overcast clouds
2025-04-07 18:00:00,Mysore,25.28,51,1011,0.32,light rain
2025-04-07 21:00:00,Mysore,24.61,55,1010,0.17,light rain
2025-04-08 00:00:00,Mysore,23.55,63,1011,1.44,light rain
2025-04-08 03:00:00,Mysore,25.72,60,1013,1.61,broken clouds
2025-04-08 06:00:00,Mysore,31.08,37,1011,1.77,overcast clouds
2025-04-08 09:00:00,Mysore,35.48,20,1007,1.96,overcast clouds
2025-04-08 12:00:00,Mysore,34.63,21,1006,4.27,broken clouds
2025-04-08 15:00:00,Mysore,28.41,47,1010,0.55,light rain
2025-04-08 18:00:00,Mysore,26.56,61,1011,3,light rain
2025-04-08 21:00:00,Mysore,24.33,74,1010,2.39,light rain
2025-04-09 00:00:00,Mysore,23.73,75,1011,1.83,light rain
2025-04-09 03:00:00,Mysore,26.8,60,1012,3.47,broken clouds
2025-04-09 06:00:00,Mysore,31.78,39,1010,3.39,broken clouds
2025-04-09 09:00:00,Mysore,35.4,24,1006,0.86,broken clouds
